score,startHere,date,versionOrder,versionPages,pageCount,lane,tags,question,bernsteinNote,title,documentType,sourceClass,sourceUrl,pdfUrl,sourceNote
103,no,1993-04-14,1,1-4,4,candidate-state cases,Presidential Choice; Bureaucratic Process; Russia Constraint; Allied Politics; Candidate Selection,"Where did presidential choice enter, and what was delegated to interagency or allied bargaining?",Useful for weighing presidential diplomacy against Russia-related constraint and alliance strategy.,Havel's Upcoming Meeting with the President: Security Issues on the Agenda,Cable,clinton-library-mdr,https://www.clintonlibrary.gov/sites/default/files/finding_aids_a_z/2026-02/2024-0540-M.pdf,https://www.clintonlibrary.gov/sites/default/files/finding_aids_a_z/2026-02/2024-0540-M.pdf,"Source: Clinton Presidential Records, Mandatory Declassification Review 2024-0540-M, Clinton Library PDF pages 38-41. Confidential."
73,no,1993-04-19,2,5-11,7,candidate-state cases,Bureaucratic Process; Russia Constraint; Candidate Selection,"How did Russian reactions shape, constrain, or mainly frame U.S. decisions?","Useful for reconstructing process, staff work, sequencing, and the institutional path to decision.","Your Meeting with Vaclav Havel, 5:00 pm to 6:00 pm, April 20, 1993",Presidential briefing memorandum,clinton-library-mdr,https://www.clintonlibrary.gov/sites/default/files/finding_aids_a_z/2026-02/2015-0773-M.pdf,https://www.clintonlibrary.gov/sites/default/files/finding_aids_a_z/2026-02/2015-0773-M.pdf,"Source: Clinton Presidential Records, NSC Records Management, [Havel and Telcons], Mandatory Declassification Review 2015-0773-M, Clinton Library PDF pages 33-39. Confidential with Secret attachment."
107,no,1993-09-03,3,12-14,3,constraints/diplomacy,Presidential Choice; Russia Constraint; Candidate Selection; Bureaucratic Process,"Where did presidential choice enter, and what was delegated to interagency or allied bargaining?",Useful for weighing presidential diplomacy against Russia-related constraint and alliance strategy.,Possible Yeltsin Letter on NATO,Cable,clinton-library-mdr,https://clinton.presidentiallibraries.us/items/show/100538,https://clinton.presidentiallibraries.us/files/original/ad30d667d8a7801aa376b34a405c46c6.pdf,"Source: Clinton Presidential Records, NSC Cables, Jan. 1993-Dec. 1994, Mandatory Declassification Review 2015-0771-M, Clinton Digital Library PDF pages 2-4. Confidential; Nodis."
97,no,1993-09-17,4,15-20,6,constraints/diplomacy,Russia Constraint; Allied Politics; Candidate Selection; Bureaucratic Process,"How did Russian reactions shape, constrain, or mainly frame U.S. decisions?","Useful for reconstructing process, staff work, sequencing, and the institutional path to decision.",Luncheon with Prime Minister Carlo Ciampi of Italy,Memorandum of conversation,clinton-library-mdr,https://clinton.presidentiallibraries.us/items/show/57563,https://clinton.presidentiallibraries.us/files/original/369537c192017e6b05f68d908f1a75e8.pdf,"Source: Clinton Presidential Records, NSC Cable, Email, and Records Management System, Mandatory Declassification Review 2015-0755-M, Clinton Digital Library PDF pages 17-22. Confidential."
83,no,1993-09-17,5,21-25,5,constraints/diplomacy,Bureaucratic Process; Russia Constraint; Allied Politics,"How did Russian reactions shape, constrain, or mainly frame U.S. decisions?","Useful for reconstructing process, staff work, sequencing, and the institutional path to decision.",Meeting with Prime Minister Carlo Ciampi of Italy,Memorandum of conversation,clinton-library-mdr,https://clinton.presidentiallibraries.us/items/show/57563,https://clinton.presidentiallibraries.us/files/original/369537c192017e6b05f68d908f1a75e8.pdf,"Source: Clinton Presidential Records, NSC Cable, Email, and Records Management System, Mandatory Declassification Review 2015-0755-M, Clinton Digital Library PDF pages 31-35. Confidential."
107,no,1993-09-20,6,26-28,3,constraints/diplomacy,Presidential Choice; Russia Constraint; Candidate Selection; Bureaucratic Process,"Where did presidential choice enter, and what was delegated to interagency or allied bargaining?",Useful for weighing presidential diplomacy against Russia-related constraint and alliance strategy.,Yeltsin: NATO Expansion,Cable,clinton-library-mdr,https://clinton.presidentiallibraries.us/items/show/118449,https://clinton.presidentiallibraries.us/files/original/30a20581e145dde08f2fa55c745c04f2.pdf,"Source: Clinton Presidential Records, NSC Records Management, PC0037 PC Meeting on NATO Summit, October 18, 1993, Mandatory Declassification Review 2015-0768-M, Clinton Digital Library, PDF pages 16-18. Secret."
73,no,1993-09-23,7,29-30,2,candidate-state cases,Russia Constraint; Candidate Selection; Bureaucratic Process,"How did Russian reactions shape, constrain, or mainly frame U.S. decisions?","Useful for reconstructing process, staff work, sequencing, and the institutional path to decision.",The Visegrad Four and NATO Expansion,NSC information memorandum,clinton-library-mdr,https://clinton.presidentiallibraries.us/items/show/101137,https://clinton.presidentiallibraries.us/files/original/daba4e1e86126f7392f28f4619aa711a.pdf,"Source: Clinton Presidential Records, NSC Cable, Email, and Records Management System, Mandatory Declassification Review 2015-0772-M, Clinton Digital Library PDF pages 17-18. Confidential."
57,no,1993-10,8,31-32,2,core expansion policy,Candidate Selection; Bureaucratic Process,Which records expose bureaucratic process rather than retrospective public rationale?,"Useful for reconstructing process, staff work, sequencing, and the institutional path to decision.",Phased NATO Expansion: Draft Declaration Language,Draft declaration language,clinton-library-mdr,https://clinton.presidentiallibraries.us/items/show/118449,https://clinton.presidentiallibraries.us/files/original/30a20581e145dde08f2fa55c745c04f2.pdf,"Source: Clinton Presidential Records, NSC Records Management, PC0037 PC Meeting on NATO Summit, October 18, 1993, Mandatory Declassification Review 2015-0768-M, Clinton Digital Library, PDF pages 19-20. Confidential."
129,no,1993-10-08,9,33-38,6,whether/whom/when,Alternatives; Bureaucratic Process; Russia Constraint; Allied Politics; Candidate Selection,What alternatives were on the table before NATO expansion hardened into policy?,"Best read for choice architecture: whether to expand, whom to invite, or when to name names.",NATO Expansion: Now Is Not the Time,Cable,clinton-library-mdr,https://clinton.presidentiallibraries.us/items/show/118449,https://clinton.presidentiallibraries.us/files/original/30a20581e145dde08f2fa55c745c04f2.pdf,"Source: Clinton Presidential Records, NSC Records Management, PC0037 PC Meeting on NATO Summit, October 18, 1993, Mandatory Declassification Review 2015-0768-M, Clinton Digital Library, PDF pages 3-8. Secret."
83,no,1993-10-19,10,39-40,2,core expansion policy,Bureaucratic Process; Russia Constraint; Allied Politics; Candidate Selection,"How did Russian reactions shape, constrain, or mainly frame U.S. decisions?","Useful for reconstructing process, staff work, sequencing, and the institutional path to decision.",The NATO Summit and Europe's East,Presidential decision memorandum,clinton-library-mdr,https://clinton.presidentiallibraries.us/items/show/101137,https://clinton.presidentiallibraries.us/files/original/daba4e1e86126f7392f28f4619aa711a.pdf,"Source: Clinton Presidential Records, NSC Cable, Email, and Records Management System, Mandatory Declassification Review 2015-0772-M, Clinton Digital Library PDF pages 26-27. Confidential."
117,no,1993-10-25,11,41-46,6,constraints/diplomacy,Presidential Choice; Bureaucratic Process; Russia Constraint; Allied Politics; Candidate Selection,"Where did presidential choice enter, and what was delegated to interagency or allied bargaining?",Useful for weighing presidential diplomacy against Russia-related constraint and alliance strategy.,"Secretary Christopher's Meeting with President Yeltsin, 10/22/93, Moscow",Cable,clinton-library-mdr,https://clinton.presidentiallibraries.us/items/show/100538,https://clinton.presidentiallibraries.us/files/original/ad30d667d8a7801aa376b34a405c46c6.pdf,"Source: Clinton Presidential Records, NSC Cables, Jan. 1993-Dec. 1994, Mandatory Declassification Review 2015-0771-M, Clinton Digital Library PDF pages 7-12. Secret; Nodis."
101,no,1993-12-31,12,47-54,8,how/process,Bureaucratic Process; Russia Constraint; Allied Politics; Candidate Selection,"How did Russian reactions shape, constrain, or mainly frame U.S. decisions?","Useful for reconstructing process, staff work, sequencing, and the institutional path to decision.",Your Trip to Prague,Presidential briefing memorandum,clinton-library-mdr,https://www.clintonlibrary.gov/sites/default/files/finding_aids_a_z/2026-02/2024-0540-M.pdf,https://www.clintonlibrary.gov/sites/default/files/finding_aids_a_z/2026-02/2024-0540-M.pdf,"Source: Clinton Presidential Records, Mandatory Declassification Review 2024-0540-M, Clinton Library PDF pages 6-13. Confidential."
103,no,1994-01,13,55-59,5,candidate-state cases,Presidential Choice; Bureaucratic Process; Russia Constraint; Allied Politics; Candidate Selection,"Where did presidential choice enter, and what was delegated to interagency or allied bargaining?",Useful for weighing presidential diplomacy against Russia-related constraint and alliance strategy.,Meeting with Czech President Havel and Premier Klaus,Presidential meeting brief,clinton-library-mdr,https://www.clintonlibrary.gov/sites/default/files/finding_aids_a_z/2026-02/2024-0540-M.pdf,https://www.clintonlibrary.gov/sites/default/files/finding_aids_a_z/2026-02/2024-0540-M.pdf,"Source: Clinton Presidential Records, Mandatory Declassification Review 2024-0540-M, Clinton Library PDF pages 14-18. Confidential."
57,no,1994-01-12,14,60-61,2,core expansion policy,Bureaucratic Process; Candidate Selection,Which records expose bureaucratic process rather than retrospective public rationale?,"Useful for reconstructing process, staff work, sequencing, and the institutional path to decision.",Background: Business-Related Event at K-Mart,Briefing paper,nara-catalog,https://catalog.archives.gov/id/368557013,https://s3.us-east-1.amazonaws.com/NARAprodstorage/lz/presidential-libraries/clinton/7585709/7585709-20170413F-002-008-2024.pdf,"Source: National Archives Catalog, Briefing Books - POTUS Trip to Prague, Czech Republic, January 11-12, 1994, NAID 368557013, PDF pages 37-38. Confidential."
93,no,1994-01-12,15,62-70,9,candidate-state cases,Presidential Choice; Russia Constraint; Candidate Selection; Bureaucratic Process,"Where did presidential choice enter, and what was delegated to interagency or allied bargaining?",Useful for weighing presidential diplomacy against Russia-related constraint and alliance strategy.,"Draft Memcon - President's Bilateral with Polish President Walesa, Premier Pawlak",Cable transmitting memcon,clinton-library-mdr,https://clinton.presidentiallibraries.us/items/show/100538,https://clinton.presidentiallibraries.us/files/original/ad30d667d8a7801aa376b34a405c46c6.pdf,"Source: Clinton Presidential Records, NSC Cables, Mandatory Declassification Review 2015-0771-M, Clinton Digital Library PDF pages 13-21. Nodis."
30,no,1994-01-13,16,71-74,4,candidate-state cases,Russia Constraint; Candidate Selection,"How did Russian reactions shape, constrain, or mainly frame U.S. decisions?","Useful for russia constraint, candidate selection questions.",Prague Assessment: Hungarians Very Upbeat,Cable,clinton-library-mdr,https://www.clintonlibrary.gov/sites/default/files/finding_aids_a_z/2026-02/2024-0540-M.pdf,https://www.clintonlibrary.gov/sites/default/files/finding_aids_a_z/2026-02/2024-0540-M.pdf,"Source: Clinton Presidential Records, Mandatory Declassification Review 2024-0540-M, Clinton Library PDF pages 64-67. Confidential."
93,no,1994-04-18,17,75-79,5,core expansion policy,Presidential Choice; Bureaucratic Process; Russia Constraint; Candidate Selection,"Where did presidential choice enter, and what was delegated to interagency or allied bargaining?",Useful for weighing presidential diplomacy against Russia-related constraint and alliance strategy.,Deputy Secretary's Meeting in Warsaw with President Walesa,Cable,clinton-library-mdr,https://clinton.presidentiallibraries.us/items/show/100538,https://clinton.presidentiallibraries.us/files/original/ad30d667d8a7801aa376b34a405c46c6.pdf,"Source: Clinton Presidential Records, NSC Cables, Mandatory Declassification Review 2015-0771-M, Clinton Digital Library PDF pages 22-26."
103,no,1994-06-24,18,80-84,5,candidate-state cases,Presidential Choice; Russia Constraint; Allied Politics; Candidate Selection; Bureaucratic Process,"Where did presidential choice enter, and what was delegated to interagency or allied bargaining?",Useful for weighing presidential diplomacy against Russia-related constraint and alliance strategy.,Foreign Minister Urges President Clinton to Focus on Polish Security During Visit,Cable,clinton-library-mdr,https://clinton.presidentiallibraries.us/items/show/100538,https://clinton.presidentiallibraries.us/files/original/ad30d667d8a7801aa376b34a405c46c6.pdf,"Source: Clinton Presidential Records, NSC Cables, Mandatory Declassification Review 2015-0771-M, Clinton Digital Library PDF pages 35-39."
213,yes,1994-09-17,19,85-88,4,how/process,Alternatives; Bureaucratic Process; Russia Constraint; Candidate Selection,"How did Russian reactions shape, constrain, or mainly frame U.S. decisions?","Useful for reconstructing process, staff work, sequencing, and the institutional path to decision.",NATO Expansion: Concept and Strategy,Policy paper,clinton-library-mdr,https://clinton.presidentiallibraries.us/items/show/118731,https://clinton.presidentiallibraries.us/files/original/3a5e05a367487bd0097cd36c04a644c6.pdf,"Source: Clinton Presidential Records, White House Staff and Office Files, Mandatory Declassification Review 2017-0193-M, Clinton Digital Library, PDF pages 1-4. Secret/Sensitive."
239,yes,1994-09-21,20,89-96,8,whether/whom/when,Alternatives; Bureaucratic Process; Russia Constraint; Candidate Selection; Open Door Deferral; Ratification Public Case,What alternatives were on the table before NATO expansion hardened into policy?,"Best read for choice architecture: whether to expand, whom to invite, or when to name names.",Next Steps on NATO Expansion: Hard Questions,Policy paper,clinton-library-mdr,https://clinton.presidentiallibraries.us/items/show/118731,https://clinton.presidentiallibraries.us/files/original/3a5e05a367487bd0097cd36c04a644c6.pdf,"Source: Clinton Presidential Records, White House Staff and Office Files, Mandatory Declassification Review 2017-0193-M, Clinton Digital Library, PDF pages 5-12. Secret/Sensitive."
59,no,1994-10-03,21,97-98,2,core expansion policy,Russia Constraint; Bureaucratic Process,"How did Russian reactions shape, constrain, or mainly frame U.S. decisions?","Useful for reconstructing process, staff work, sequencing, and the institutional path to decision.",NATO expansion and Summit Follow-up,GC,state-foia,https://foia.state.gov/DOCUMENTS/FOIA_L_Jan2022V2/F-2017-13804/DOC_0C09000143/C09000143.pdf,https://foia.state.gov/DOCUMENTS/FOIA_L_Jan2022V2/F-2017-13804/DOC_0C09000143/C09000143.pdf,"Source: Department of State, FOIA Virtual Reading Room, Case F-2017-13804, Doc No. C09000143. RELEASE IN FULL."
207,yes,1994-10-04,22,99-107,9,core expansion policy,Alternatives; Bureaucratic Process; Russia Constraint; Candidate Selection; Open Door Deferral,"How did Russian reactions shape, constrain, or mainly frame U.S. decisions?","Useful for reconstructing process, staff work, sequencing, and the institutional path to decision.",Moving Toward NATO Expansion,NSC staff memorandum with policy papers,clinton-library-mdr,https://clinton.presidentiallibraries.us/items/show/57563,https://clinton.presidentiallibraries.us/files/original/369537c192017e6b05f68d908f1a75e8.pdf,"Source: Clinton Presidential Records, NSC Cable, Email, and Records Management System, Mandatory Declassification Review 2015-0755-M, Clinton Digital Library PDF pages 55-63. Secret/Confidential."
109,no,1994-10-13,23,108-113,6,constraints/diplomacy,Bureaucratic Process; Russia Constraint; Allied Politics; Candidate Selection; Open Door Deferral,"How did Russian reactions shape, constrain, or mainly frame U.S. decisions?","Useful for reconstructing process, staff work, sequencing, and the institutional path to decision.",NATO Expansion,Presidential information memorandum with NSC staff paper,clinton-library-mdr,https://clinton.presidentiallibraries.us/items/show/57563,https://clinton.presidentiallibraries.us/files/original/369537c192017e6b05f68d908f1a75e8.pdf,"Source: Clinton Presidential Records, NSC Cable, Email, and Records Management System, Mandatory Declassification Review 2015-0755-M, Clinton Digital Library PDF pages 71-76. Secret."
213,yes,1994-10-14,24,114-121,8,how/process,Bureaucratic Process; Russia Constraint; Allied Politics; Candidate Selection; Open Door Deferral,"How did Russian reactions shape, constrain, or mainly frame U.S. decisions?","Useful for reconstructing process, staff work, sequencing, and the institutional path to decision.",Moving Toward NATO Expansion,NSC staff paper with transmittal memorandum,clinton-library-mdr,https://clinton.presidentiallibraries.us/items/show/101137,https://clinton.presidentiallibraries.us/files/original/daba4e1e86126f7392f28f4619aa711a.pdf,"Source: Clinton Presidential Records, NSC Cable, Email, and Records Management System, Mandatory Declassification Review 2015-0772-M, Clinton Digital Library PDF pages 93-100. Secret."
69,no,1994-11-03,25,122-124,3,core expansion policy,Bureaucratic Process; Russia Constraint; Allied Politics,"How did Russian reactions shape, constrain, or mainly frame U.S. decisions?","Useful for reconstructing process, staff work, sequencing, and the institutional path to decision.",Inter-Agency Presentation on NATO - Germany,Cable,clinton-library-mdr,https://clinton.presidentiallibraries.us/items/show/100538,https://clinton.presidentiallibraries.us/files/original/ad30d667d8a7801aa376b34a405c46c6.pdf,"Source: Clinton Presidential Records, NSC Cables, Mandatory Declassification Review 2015-0771-M, Clinton Digital Library PDF pages 45-47. Exdis."
103,no,1994-12-21,26,125-129,5,constraints/diplomacy,Presidential Choice; Bureaucratic Process; Russia Constraint; Allied Politics,"Where did presidential choice enter, and what was delegated to interagency or allied bargaining?",Useful for weighing presidential diplomacy against Russia-related constraint and alliance strategy.,Meeting with the Vice President on Russia and NATO Expansion,Presidential briefing memorandum,clinton-library-mdr,https://clinton.presidentiallibraries.us/items/show/101137,https://clinton.presidentiallibraries.us/files/original/daba4e1e86126f7392f28f4619aa711a.pdf,"Source: Clinton Presidential Records, NSC Cable, Email, and Records Management System, Mandatory Declassification Review 2015-0772-M, Clinton Digital Library PDF pages 103-107. Confidential."
199,yes,1994-12-22,27,130-135,6,constraints/diplomacy,Bureaucratic Process; Russia Constraint; Candidate Selection; Open Door Deferral,"How did Russian reactions shape, constrain, or mainly frame U.S. decisions?","Useful for reconstructing process, staff work, sequencing, and the institutional path to decision.","European Security Architecture, NATO Expansion and Russia",NSC action memorandum with conceptual paper,clinton-library-mdr,https://clinton.presidentiallibraries.us/items/show/101137,https://clinton.presidentiallibraries.us/files/original/daba4e1e86126f7392f28f4619aa711a.pdf,"Source: Clinton Presidential Records, NSC Cable, Email, and Records Management System, Mandatory Declassification Review 2015-0772-M, Clinton Digital Library PDF pages 116-121. Secret."
93,no,1994-12-29,28,136-138,3,constraints/diplomacy,Presidential Choice; Russia Constraint; Bureaucratic Process,"Where did presidential choice enter, and what was delegated to interagency or allied bargaining?",Useful for weighing presidential diplomacy against Russia-related constraint and alliance strategy.,President Yeltsin to President Clinton on NATO Enlargement,Presidential correspondence,clinton-library-mdr,https://clinton.presidentiallibraries.us/items/show/118449,https://clinton.presidentiallibraries.us/files/original/30a20581e145dde08f2fa55c745c04f2.pdf,"Source: Clinton Presidential Records, NSC Records Management, DC0161 DC Meeting on NATO-Russia Relationship, January 9, 1995, Mandatory Declassification Review 2015-0768-M, Clinton Digital Library, PDF pages 64-66."
111,no,1995,29,139-140,2,candidate-state cases,Presidential Choice; Bureaucratic Process; Russia Constraint; Allied Politics; Candidate Selection; Ratification Public Case,"Where did presidential choice enter, and what was delegated to interagency or allied bargaining?",Useful for weighing presidential diplomacy against Russia-related constraint and alliance strategy.,Points to Be Made at Dinner with Czech President Havel,Presidential talking points,clinton-library-mdr,https://www.clintonlibrary.gov/sites/default/files/finding_aids_a_z/2026-02/2024-0540-M.pdf,https://www.clintonlibrary.gov/sites/default/files/finding_aids_a_z/2026-02/2024-0540-M.pdf,"Source: Clinton Presidential Records, Mandatory Declassification Review 2024-0540-M, Clinton Library PDF pages 1-2. Confidential."
93,no,1995-01-06,30,141-142,2,constraints/diplomacy,Presidential Choice; Russia Constraint; Bureaucratic Process,"Where did presidential choice enter, and what was delegated to interagency or allied bargaining?",Useful for weighing presidential diplomacy against Russia-related constraint and alliance strategy.,President Clinton to President Yeltsin on NATO Expansion and Chechnya,Presidential message cable,clinton-library-mdr,https://clinton.presidentiallibraries.us/items/show/118449,https://clinton.presidentiallibraries.us/files/original/30a20581e145dde08f2fa55c745c04f2.pdf,"Source: Clinton Presidential Records, NSC Records Management, DC0161 DC Meeting on NATO-Russia Relationship, January 9, 1995, Mandatory Declassification Review 2015-0768-M, Clinton Digital Library, PDF pages 68-69. Confidential; declassified in part."
223,yes,1995-01-25,31,143-148,6,how/process,Alternatives; Bureaucratic Process; Russia Constraint; Allied Politics; Candidate Selection,"How did Russian reactions shape, constrain, or mainly frame U.S. decisions?","Useful for reconstructing process, staff work, sequencing, and the institutional path to decision.",NATO Expansion: Getting From Here to There,Cable,clinton-library-mdr,https://clinton.presidentiallibraries.us/items/show/101829,https://clinton.presidentiallibraries.us/files/original/1fbacf781cad23434c0c3e3f52367c90.pdf,"Source: Clinton Presidential Records, NSC Cables, Mandatory Declassification Review 2015-0792-M, Clinton Digital Library PDF pages 9-14. Confidential; Exdis."
73,no,1995-01-30,32,149-152,4,candidate-state cases,Russia Constraint; Candidate Selection; Bureaucratic Process,"How did Russian reactions shape, constrain, or mainly frame U.S. decisions?","Useful for reconstructing process, staff work, sequencing, and the institutional path to decision.",A/S Holbrooke Briefs PM Pawlak on NATO Expansion; Urges Greater Political Stability,Cable,clinton-library-mdr,https://clinton.presidentiallibraries.us/items/show/100538,https://clinton.presidentiallibraries.us/files/original/ad30d667d8a7801aa376b34a405c46c6.pdf,"Source: Clinton Presidential Records, NSC Cables, Mandatory Declassification Review 2015-0771-M, Clinton Digital Library PDF pages 50-53."
83,no,1995-02-01,33,153-161,9,constraints/diplomacy,Bureaucratic Process; Russia Constraint; Allied Politics,"How did Russian reactions shape, constrain, or mainly frame U.S. decisions?","Useful for reconstructing process, staff work, sequencing, and the institutional path to decision.","The Secretary's Meeting with EU Presidency/French Foreign Minister Juppe and European Commissioner Brittan, January 26, 1995 at the State Department",Cable,clinton-library-mdr,https://clinton.presidentiallibraries.us/items/show/101829,https://clinton.presidentiallibraries.us/files/original/1fbacf781cad23434c0c3e3f52367c90.pdf,"Source: Clinton Presidential Records, NSC Cables, Mandatory Declassification Review 2015-0792-M, Clinton Digital Library PDF pages 15-23. Confidential."
57,no,1995-02-07,34,162-165,4,candidate-state cases,Bureaucratic Process; Candidate Selection,Which records expose bureaucratic process rather than retrospective public rationale?,"Useful for reconstructing process, staff work, sequencing, and the institutional path to decision.",The Secretary's Meeting with Polish PM Pawlak,Cable,clinton-library-mdr,https://clinton.presidentiallibraries.us/items/show/100538,https://clinton.presidentiallibraries.us/files/original/ad30d667d8a7801aa376b34a405c46c6.pdf,"Source: Clinton Presidential Records, NSC Cables, Mandatory Declassification Review 2015-0771-M, Clinton Digital Library PDF pages 54-57. Nodis."
97,no,1995-02-11,35,166-185,20,constraints/diplomacy,Russia Constraint; Allied Politics; Candidate Selection; Bureaucratic Process,"How did Russian reactions shape, constrain, or mainly frame U.S. decisions?","Useful for reconstructing process, staff work, sequencing, and the institutional path to decision.",Working Lunch with Prime Minister Jean-Luc Dehaene of Belgium,Memorandum of conversation,clinton-library-mdr,https://clinton.presidentiallibraries.us/items/show/57563,https://clinton.presidentiallibraries.us/files/original/369537c192017e6b05f68d908f1a75e8.pdf,"Source: Clinton Presidential Records, NSC Cable, Email, and Records Management System, Mandatory Declassification Review 2015-0755-M, Clinton Digital Library PDF pages 85-104. Confidential."
73,no,1995-02-15,36,186-188,3,core expansion policy,Russia Constraint; Candidate Selection; Bureaucratic Process,"How did Russian reactions shape, constrain, or mainly frame U.S. decisions?","Useful for reconstructing process, staff work, sequencing, and the institutional path to decision.",Ukrainian Views on NATO Expansion; Ukraine and PFP,Cable,clinton-library-mdr,https://clinton.presidentiallibraries.us/items/show/101829,https://clinton.presidentiallibraries.us/files/original/1fbacf781cad23434c0c3e3f52367c90.pdf,"Source: Clinton Presidential Records, NSC Cables, Mandatory Declassification Review 2015-0792-M, Clinton Digital Library PDF pages 24-26. Confidential."
89,no,1995-02-28,37,189-200,12,core expansion policy,Presidential Choice; Russia Constraint; Allied Politics; Bureaucratic Process,"Where did presidential choice enter, and what was delegated to interagency or allied bargaining?",Useful for weighing presidential diplomacy against Russia-related constraint and alliance strategy.,"The President's Working Lunch with Wim Kok, Prime Minister of the Netherlands",Memorandum of conversation,clinton-library-mdr,https://clinton.presidentiallibraries.us/items/show/57563,https://clinton.presidentiallibraries.us/files/original/369537c192017e6b05f68d908f1a75e8.pdf,"Source: Clinton Presidential Records, NSC Cable, Email, and Records Management System, Mandatory Declassification Review 2015-0755-M, Clinton Digital Library PDF pages 126-137. Confidential."
115,no,1995-03,38,201-202,2,constraints/diplomacy,Alternatives; Presidential Choice; Russia Constraint; Bureaucratic Process,"Where did presidential choice enter, and what was delegated to interagency or allied bargaining?",Useful for weighing presidential diplomacy against Russia-related constraint and alliance strategy.,Annex to Clinton-Yeltsin Letter: NATO's Evolution Since 1990,Annex,clinton-library-mdr,https://clinton.presidentiallibraries.us/items/show/118449,https://clinton.presidentiallibraries.us/files/original/30a20581e145dde08f2fa55c745c04f2.pdf,"Source: Clinton Presidential Records, NSC Records Management, DC0180 DC Meeting on NATO Expansion and NATO-Russia Relations, March 8, 1995, Mandatory Declassification Review 2015-0768-M, Clinton Digital Library, PDF pages 77-78."
73,no,1995-03,39,203-203,1,constraints/diplomacy,Bureaucratic Process; Russia Constraint,"How did Russian reactions shape, constrain, or mainly frame U.S. decisions?","Useful for reconstructing process, staff work, sequencing, and the institutional path to decision.",Elements of a Russian Reply,Talking points,clinton-library-mdr,https://clinton.presidentiallibraries.us/items/show/118449,https://clinton.presidentiallibraries.us/files/original/30a20581e145dde08f2fa55c745c04f2.pdf,"Source: Clinton Presidential Records, NSC Records Management, DC0180 DC Meeting on NATO Expansion and NATO-Russia Relations, March 8, 1995, Mandatory Declassification Review 2015-0768-M, Clinton Digital Library, PDF page 81. Confidential/Nodis."
73,no,1995-03,40,204-205,2,constraints/diplomacy,Russia Constraint; Bureaucratic Process,"How did Russian reactions shape, constrain, or mainly frame U.S. decisions?","Useful for reconstructing process, staff work, sequencing, and the institutional path to decision.",Possible Content of a Letter from the Russian Side,Translation,clinton-library-mdr,https://clinton.presidentiallibraries.us/items/show/118449,https://clinton.presidentiallibraries.us/files/original/30a20581e145dde08f2fa55c745c04f2.pdf,"Source: Clinton Presidential Records, NSC Records Management, DC0180 DC Meeting on NATO Expansion and NATO-Russia Relations, March 8, 1995, Mandatory Declassification Review 2015-0768-M, Clinton Digital Library, PDF pages 79-80. Secret."
93,no,1995-03,41,206-208,3,constraints/diplomacy,Presidential Choice; Russia Constraint; Bureaucratic Process,"Where did presidential choice enter, and what was delegated to interagency or allied bargaining?",Useful for weighing presidential diplomacy against Russia-related constraint and alliance strategy.,President Clinton to President Yeltsin on NATO-Russia Relations,Draft presidential correspondence,clinton-library-mdr,https://clinton.presidentiallibraries.us/items/show/118449,https://clinton.presidentiallibraries.us/files/original/30a20581e145dde08f2fa55c745c04f2.pdf,"Source: Clinton Presidential Records, NSC Records Management, DC0180 DC Meeting on NATO Expansion and NATO-Russia Relations, March 8, 1995, Mandatory Declassification Review 2015-0768-M, Clinton Digital Library, PDF pages 74-76. Secret."
77,no,1995-03-02,42,209-218,10,candidate-state cases,Presidential Choice; Bureaucratic Process; Candidate Selection,"Where did presidential choice enter, and what was delegated to interagency or allied bargaining?","Useful for reconstructing process, staff work, sequencing, and the institutional path to decision.",EUR Assistant Secretary A/S Holbrooke's Meeting with President Iliescu,Cable,clinton-library-mdr,https://clinton.presidentiallibraries.us/items/show/100538,https://clinton.presidentiallibraries.us/files/original/ad30d667d8a7801aa376b34a405c46c6.pdf,"Source: Clinton Presidential Records, NSC Cables, Mandatory Declassification Review 2015-0771-M, Clinton Digital Library PDF pages 58-67."
87,no,1995-03-02,43,219-220,2,constraints/diplomacy,Bureaucratic Process; Russia Constraint; Candidate Selection,"How did Russian reactions shape, constrain, or mainly frame U.S. decisions?","Useful for reconstructing process, staff work, sequencing, and the institutional path to decision.",Status of NATO-Russia Process,Decision paper,clinton-library-mdr,https://clinton.presidentiallibraries.us/items/show/118449,https://clinton.presidentiallibraries.us/files/original/30a20581e145dde08f2fa55c745c04f2.pdf,"Source: Clinton Presidential Records, NSC Records Management, DC0180 DC Meeting on NATO Expansion and NATO-Russia Relations, March 8, 1995, Mandatory Declassification Review 2015-0768-M, Clinton Digital Library, PDF pages 72-73. Confidential."
75,no,1995-03-03,44,221-224,4,how/process,Candidate Selection; Bureaucratic Process,Which records expose bureaucratic process rather than retrospective public rationale?,"Useful for reconstructing process, staff work, sequencing, and the institutional path to decision.",NATO Expansion: U.S. Views on Military Implications,Cable,clinton-library-mdr,https://clinton.presidentiallibraries.us/items/show/101829,https://clinton.presidentiallibraries.us/files/original/1fbacf781cad23434c0c3e3f52367c90.pdf,"Source: Clinton Presidential Records, NSC Cables, Mandatory Declassification Review 2015-0792-M, Clinton Digital Library PDF pages 28-31. Confidential."
97,no,1995-03-03,45,225-227,3,constraints/diplomacy,Russia Constraint; Allied Politics; Candidate Selection; Bureaucratic Process,"How did Russian reactions shape, constrain, or mainly frame U.S. decisions?","Useful for reconstructing process, staff work, sequencing, and the institutional path to decision.",PM Horn Welcomes NATO Expansion Plans and Asks That Russia's Concerns Be Considered,Cable,clinton-library-mdr,https://clinton.presidentiallibraries.us/items/show/100538,https://clinton.presidentiallibraries.us/files/original/ad30d667d8a7801aa376b34a405c46c6.pdf,"Source: Clinton Presidential Records, NSC Cables, Mandatory Declassification Review 2015-0771-M, Clinton Digital Library PDF pages 68-70."
73,no,1995-03-06,46,228-231,4,core expansion policy,Russia Constraint; Candidate Selection; Bureaucratic Process,"How did Russian reactions shape, constrain, or mainly frame U.S. decisions?","Useful for reconstructing process, staff work, sequencing, and the institutional path to decision.","DFM Tarasyuk Discusses PFP, GOU Internal Problems",Cable,clinton-library-mdr,https://clinton.presidentiallibraries.us/items/show/101829,https://clinton.presidentiallibraries.us/files/original/1fbacf781cad23434c0c3e3f52367c90.pdf,"Source: Clinton Presidential Records, NSC Cables, Mandatory Declassification Review 2015-0792-M, Clinton Digital Library PDF pages 36-39. Confidential."
83,no,1995-03-06,47,232-235,4,candidate-state cases,Russia Constraint; Allied Politics; Candidate Selection; Bureaucratic Process,"How did Russian reactions shape, constrain, or mainly frame U.S. decisions?","Useful for reconstructing process, staff work, sequencing, and the institutional path to decision.",Dialogue with Prime Minister Horn at Spanish Embassy,Cable,clinton-library-mdr,https://clinton.presidentiallibraries.us/items/show/100538,https://clinton.presidentiallibraries.us/files/original/ad30d667d8a7801aa376b34a405c46c6.pdf,"Source: Clinton Presidential Records, NSC Cables, Mandatory Declassification Review 2015-0771-M, Clinton Digital Library PDF pages 72-75. Confidential."
73,no,1995-03-18,48,236-239,4,constraints/diplomacy,Russia Constraint; Bureaucratic Process,"How did Russian reactions shape, constrain, or mainly frame U.S. decisions?","Useful for reconstructing process, staff work, sequencing, and the institutional path to decision.",Mamedov Reiterates Russian Sensitivities over NATO Expansion,Cable,clinton-library-mdr,https://clinton.presidentiallibraries.us/items/show/101829,https://clinton.presidentiallibraries.us/files/original/1fbacf781cad23434c0c3e3f52367c90.pdf,"Source: Clinton Presidential Records, NSC Cables, Mandatory Declassification Review 2015-0792-M, Clinton Digital Library PDF pages 48-51. Secret; Nodis."
93,no,1995-03-21,49,240-243,4,constraints/diplomacy,Presidential Choice; Russia Constraint; Bureaucratic Process,"Where did presidential choice enter, and what was delegated to interagency or allied bargaining?",Useful for weighing presidential diplomacy against Russia-related constraint and alliance strategy.,Presidential Aide Says Yeltsin Angered Over MFA Mishandling of NATO Expansion Issue,Cable,clinton-library-mdr,https://clinton.presidentiallibraries.us/items/show/100538,https://clinton.presidentiallibraries.us/files/original/ad30d667d8a7801aa376b34a405c46c6.pdf,"Source: Clinton Presidential Records, NSC Cables, Mandatory Declassification Review 2015-0771-M, Clinton Digital Library PDF pages 77-80. Confidential; declassified in part."
69,no,1995-03-22,50,244-245,2,core expansion policy,Russia Constraint; Allied Politics; Bureaucratic Process,"How did Russian reactions shape, constrain, or mainly frame U.S. decisions?","Useful for reconstructing process, staff work, sequencing, and the institutional path to decision.","Night Note from Geneva, Wednesday, March 22, 1995",Cable,clinton-library-mdr,https://clinton.presidentiallibraries.us/items/show/101829,https://clinton.presidentiallibraries.us/files/original/1fbacf781cad23434c0c3e3f52367c90.pdf,"Source: Clinton Presidential Records, NSC Cables, Mandatory Declassification Review 2015-0792-M, Clinton Digital Library PDF pages 52-53. Secret; Nodis; Special Encryption; Eyes Only."
83,no,1995-03-29,51,246-249,4,candidate-state cases,Russia Constraint; Allied Politics; Candidate Selection; Bureaucratic Process,"How did Russian reactions shape, constrain, or mainly frame U.S. decisions?","Useful for reconstructing process, staff work, sequencing, and the institutional path to decision.",Czech Foreign Minister Zieleniec Addresses NATO Membership with PermReps,Cable,clinton-library-mdr,https://clinton.presidentiallibraries.us/items/show/101829,https://clinton.presidentiallibraries.us/files/original/1fbacf781cad23434c0c3e3f52367c90.pdf,"Source: Clinton Presidential Records, NSC Cables, Mandatory Declassification Review 2015-0792-M, Clinton Digital Library PDF pages 54-57. Confidential."
119,no,1995-04-03,52,250-255,6,constraints/diplomacy,Alternatives; Bureaucratic Process; Russia Constraint; Allied Politics; Candidate Selection,"How did Russian reactions shape, constrain, or mainly frame U.S. decisions?","Useful for reconstructing process, staff work, sequencing, and the institutional path to decision.",Elements of a NATO-Russia Relationship,Options paper,clinton-library-mdr,https://clinton.presidentiallibraries.us/items/show/118449,https://clinton.presidentiallibraries.us/files/original/30a20581e145dde08f2fa55c745c04f2.pdf,"Source: Clinton Presidential Records, NSC Records Management, DC0193 DC Meeting on NATO Expansion and NATO-Russia Relations, April 4, 1995, Mandatory Declassification Review 2015-0768-M, Clinton Digital Library, PDF pages 84-89. Confidential."
87,no,1995-05-01,53,256-267,12,constraints/diplomacy,Bureaucratic Process; Russia Constraint; Candidate Selection,"How did Russian reactions shape, constrain, or mainly frame U.S. decisions?","Useful for reconstructing process, staff work, sequencing, and the institutional path to decision.","Secretary Christopher's Meeting with Andrei Kozyrev, April 26",Cable,clinton-library-mdr,https://clinton.presidentiallibraries.us/items/show/101829,https://clinton.presidentiallibraries.us/files/original/1fbacf781cad23434c0c3e3f52367c90.pdf,"Source: Clinton Presidential Records, NSC Cables, Mandatory Declassification Review 2015-0792-M, Clinton Digital Library PDF pages 58-69. Secret; Nodis."
203,yes,1995-05-10,54,268-283,16,constraints/diplomacy,Presidential Choice; Bureaucratic Process; Russia Constraint; Allied Politics,"Where did presidential choice enter, and what was delegated to interagency or allied bargaining?",Useful for weighing presidential diplomacy against Russia-related constraint and alliance strategy.,"Summary Report on One-On-One Meeting Between Presidents Clinton and Yeltsin, May 10, 1995, Kremlin",Summary report,nara-iscap,https://www.archives.gov/files/declassification/iscap/pdf/2016-156-doc-11.pdf,https://www.archives.gov/files/declassification/iscap/pdf/2016-156-doc-11.pdf,"Source: National Archives, Interagency Security Classification Appeals Panel, ISCAP Appeal No. 2016-156, document no. 11, Clinton Library photocopy, PDF pages 1-16. Declassified March 5, 2018."
77,no,1995-05-25,55,284-287,4,candidate-state cases,Presidential Choice; Bureaucratic Process; Candidate Selection,"Where did presidential choice enter, and what was delegated to interagency or allied bargaining?","Useful for reconstructing process, staff work, sequencing, and the institutional path to decision.",5/24 Meeting of DOD Deputy Assistant Secretary Kruzel and NSC Senior Director Fried with Slovak President Kovac,Cable,clinton-library-mdr,https://clinton.presidentiallibraries.us/items/show/101829,https://clinton.presidentiallibraries.us/files/original/1fbacf781cad23434c0c3e3f52367c90.pdf,"Source: Clinton Presidential Records, NSC Cables, Mandatory Declassification Review 2015-0792-M, Clinton Digital Library PDF pages 70-73. Confidential."
229,yes,1995-06-16,56,288-304,17,how/process,Alternatives; Bureaucratic Process; Russia Constraint; Allied Politics; Open Door Deferral; Ratification Public Case,"How did Russian reactions shape, constrain, or mainly frame U.S. decisions?","Useful for reconstructing process, staff work, sequencing, and the institutional path to decision.",Troika Meeting on European Security/NATO Enlargement,NSC information memorandum with strategy papers,clinton-library-mdr,https://clinton.presidentiallibraries.us/items/show/101137,https://clinton.presidentiallibraries.us/files/original/daba4e1e86126f7392f28f4619aa711a.pdf,"Source: Clinton Presidential Records, NSC Cable, Email, and Records Management System, Mandatory Declassification Review 2015-0772-M, Clinton Digital Library PDF pages 131-147. Secret."
117,no,1995-07-17,57,305-308,4,how/process,Alternatives; Bureaucratic Process; Russia Constraint; Allied Politics; Ratification Public Case,"How did Russian reactions shape, constrain, or mainly frame U.S. decisions?","Useful for reconstructing process, staff work, sequencing, and the institutional path to decision.",European Security/NATO Enlargement Progress Report,Presidential information memorandum,clinton-library-mdr,https://clinton.presidentiallibraries.us/items/show/101137,https://clinton.presidentiallibraries.us/files/original/daba4e1e86126f7392f28f4619aa711a.pdf,"Source: Clinton Presidential Records, NSC Cable, Email, and Records Management System, Mandatory Declassification Review 2015-0772-M, Clinton Digital Library PDF pages 184-187. Secret."
103,no,1995-07-19,58,309-312,4,core expansion policy,Presidential Choice; Russia Constraint; Allied Politics; Candidate Selection; Bureaucratic Process,"Where did presidential choice enter, and what was delegated to interagency or allied bargaining?",Useful for weighing presidential diplomacy against Russia-related constraint and alliance strategy.,Bartoszewski and the Clinton Administration: What the Foreign Minister Meant to Say,Cable,clinton-library-mdr,https://clinton.presidentiallibraries.us/items/show/101829,https://clinton.presidentiallibraries.us/files/original/1fbacf781cad23434c0c3e3f52367c90.pdf,"Source: Clinton Presidential Records, NSC Cables, Mandatory Declassification Review 2015-0792-M, Clinton Digital Library PDF pages 90-93. Confidential."
73,no,1995-07-19,59,313-315,3,candidate-state cases,Russia Constraint; Candidate Selection; Bureaucratic Process,"How did Russian reactions shape, constrain, or mainly frame U.S. decisions?","Useful for reconstructing process, staff work, sequencing, and the institutional path to decision.",Demarche: Polish FonMin Bartoszewski on NATO,Cable,clinton-library-mdr,https://clinton.presidentiallibraries.us/items/show/101829,https://clinton.presidentiallibraries.us/files/original/1fbacf781cad23434c0c3e3f52367c90.pdf,"Source: Clinton Presidential Records, NSC Cables, Mandatory Declassification Review 2015-0792-M, Clinton Digital Library PDF pages 87-89. Confidential."
95,no,1995-07-27,60,316-317,2,candidate-state cases,Russia Constraint; Allied Politics; Candidate Selection; Open Door Deferral; Bureaucratic Process,"How did Russian reactions shape, constrain, or mainly frame U.S. decisions?","Useful for reconstructing process, staff work, sequencing, and the institutional path to decision.",West European Attitudes Toward NATO Enlargement,Presidential information memorandum,clinton-library-mdr,https://clinton.presidentiallibraries.us/items/show/101137,https://clinton.presidentiallibraries.us/files/original/daba4e1e86126f7392f28f4619aa711a.pdf,"Source: Clinton Presidential Records, NSC Cable, Email, and Records Management System, Mandatory Declassification Review 2015-0772-M, Clinton Digital Library PDF pages 169-170. Secret."
103,no,1995-09-30,61,318-322,5,constraints/diplomacy,Presidential Choice; Russia Constraint; Allied Politics; Bureaucratic Process,"Where did presidential choice enter, and what was delegated to interagency or allied bargaining?",Useful for weighing presidential diplomacy against Russia-related constraint and alliance strategy.,"Clinton-Kohl Telcon of September 23, 1995",Cable transmitting telcon,clinton-library-mdr,https://clinton.presidentiallibraries.us/items/show/100538,https://clinton.presidentiallibraries.us/files/original/ad30d667d8a7801aa376b34a405c46c6.pdf,"Source: Clinton Presidential Records, NSC Cables, Mandatory Declassification Review 2015-0771-M, Clinton Digital Library PDF pages 81-85. Nodis."
83,no,1995-10-02,62,323-323,1,constraints/diplomacy,Russia Constraint; Allied Politics; Bureaucratic Process,"How did Russian reactions shape, constrain, or mainly frame U.S. decisions?","Useful for reconstructing process, staff work, sequencing, and the institutional path to decision.",The NATO Enlargement Study,Presidential information memorandum,clinton-library-mdr,https://clinton.presidentiallibraries.us/items/show/101137,https://clinton.presidentiallibraries.us/files/original/daba4e1e86126f7392f28f4619aa711a.pdf,"Source: Clinton Presidential Records, NSC Cable, Email, and Records Management System, Mandatory Declassification Review 2015-0772-M, Clinton Digital Library PDF pages 195. Confidential."
77,no,1995-10-03,63,324-329,6,candidate-state cases,Presidential Choice; Bureaucratic Process; Candidate Selection,"Where did presidential choice enter, and what was delegated to interagency or allied bargaining?","Useful for reconstructing process, staff work, sequencing, and the institutional path to decision.",Memcon: President Clinton's Meeting with President Iliescu,Cable transmitting memcon,clinton-library-mdr,https://clinton.presidentiallibraries.us/items/show/100538,https://clinton.presidentiallibraries.us/files/original/ad30d667d8a7801aa376b34a405c46c6.pdf,"Source: Clinton Presidential Records, NSC Cables, Mandatory Declassification Review 2015-0771-M, Clinton Digital Library PDF pages 86-91. Nodis."
83,no,1995-11-28,64,330-332,3,constraints/diplomacy,Russia Constraint; Allied Politics; Bureaucratic Process,"How did Russian reactions shape, constrain, or mainly frame U.S. decisions?","Useful for reconstructing process, staff work, sequencing, and the institutional path to decision.",Germans Causing Problems on NATO Enlargement,NSC information memorandum,clinton-library-mdr,https://clinton.presidentiallibraries.us/items/show/101137,https://clinton.presidentiallibraries.us/files/original/daba4e1e86126f7392f28f4619aa711a.pdf,"Source: Clinton Presidential Records, NSC Cable, Email, and Records Management System, Mandatory Declassification Review 2015-0772-M, Clinton Digital Library PDF pages 205-207. Confidential."
73,no,1995-12-08,65,333-337,5,candidate-state cases,Russia Constraint; Candidate Selection; Bureaucratic Process,"How did Russian reactions shape, constrain, or mainly frame U.S. decisions?","Useful for reconstructing process, staff work, sequencing, and the institutional path to decision.",Change in Style not Substance in Poland's Campaign for NATO Membership,Cable,clinton-library-mdr,https://clinton.presidentiallibraries.us/items/show/100538,https://clinton.presidentiallibraries.us/files/original/ad30d667d8a7801aa376b34a405c46c6.pdf,"Source: Clinton Presidential Records, NSC Cables, Mandatory Declassification Review 2015-0771-M, Clinton Digital Library PDF pages 92-96."
93,no,1996-04-17,66,338-341,4,constraints/diplomacy,Presidential Choice; Russia Constraint; Bureaucratic Process,"Where did presidential choice enter, and what was delegated to interagency or allied bargaining?",Useful for weighing presidential diplomacy against Russia-related constraint and alliance strategy.,Your Meetings with President Yeltsin,Cable,clinton-library-mdr,https://clinton.presidentiallibraries.us/items/show/101829,https://clinton.presidentiallibraries.us/files/original/1fbacf781cad23434c0c3e3f52367c90.pdf,"Source: Clinton Presidential Records, NSC Cables, Mandatory Declassification Review 2015-0792-M, Clinton Digital Library PDF pages 115-118. Secret; Nodis."
103,no,1996-05-04,67,342-344,3,constraints/diplomacy,Presidential Choice; Russia Constraint; Allied Politics; Bureaucratic Process,"Where did presidential choice enter, and what was delegated to interagency or allied bargaining?",Useful for weighing presidential diplomacy against Russia-related constraint and alliance strategy.,Responding to President Chirac's Call for an Agreement with Russia Prior to NATO Enlargement,Cable,clinton-library-mdr,https://clinton.presidentiallibraries.us/items/show/100538,https://clinton.presidentiallibraries.us/files/original/ad30d667d8a7801aa376b34a405c46c6.pdf,"Source: Clinton Presidential Records, NSC Cables, Mandatory Declassification Review 2015-0771-M, Clinton Digital Library PDF pages 97-99. Nodis."
85,no,1996-05-11,68,345-349,5,candidate-state cases,Russia Constraint; Candidate Selection; Open Door Deferral; Bureaucratic Process,"How did Russian reactions shape, constrain, or mainly frame U.S. decisions?","Useful for reconstructing process, staff work, sequencing, and the institutional path to decision.",Polish FonMin Rosati and Acting Secretary Talbott Discuss NATO Enlargement and Regional Relations,Cable,clinton-library-mdr,https://clinton.presidentiallibraries.us/items/show/101829,https://clinton.presidentiallibraries.us/files/original/1fbacf781cad23434c0c3e3f52367c90.pdf,"Source: Clinton Presidential Records, NSC Cables, Mandatory Declassification Review 2015-0792-M, Clinton Digital Library PDF pages 119-123. Confidential."
115,no,1996-06-03,69,350-352,3,candidate-state cases,Presidential Choice; Russia Constraint; Allied Politics; Candidate Selection; Open Door Deferral; Bureaucratic Process,"Where did presidential choice enter, and what was delegated to interagency or allied bargaining?",Useful for weighing presidential diplomacy against Russia-related constraint and alliance strategy.,"Latvian President Discusses NATO Enlargement, Urges President Clinton to Meet Baltic Leaders in June",Cable,clinton-library-mdr,https://clinton.presidentiallibraries.us/items/show/100538,https://clinton.presidentiallibraries.us/files/original/ad30d667d8a7801aa376b34a405c46c6.pdf,"Source: Clinton Presidential Records, NSC Cables, Mandatory Declassification Review 2015-0771-M, Clinton Digital Library PDF pages 113-115. Confidential."
107,no,1996-06-03,70,353-358,6,constraints/diplomacy,Presidential Choice; Russia Constraint; Candidate Selection; Bureaucratic Process,"Where did presidential choice enter, and what was delegated to interagency or allied bargaining?",Useful for weighing presidential diplomacy against Russia-related constraint and alliance strategy.,Memorandum of Conversation with Former President of Poland Lech Walesa,Memorandum of conversation,clinton-library-mdr,https://clinton.presidentiallibraries.us/items/show/101829,https://clinton.presidentiallibraries.us/files/original/1fbacf781cad23434c0c3e3f52367c90.pdf,"Source: Clinton Presidential Records, NSC Cables, Mandatory Declassification Review 2015-0792-M, Clinton Digital Library PDF pages 124-129. Confidential; Nodis."
243,yes,1996-06-06,71,359-371,13,how/process,Alternatives; Bureaucratic Process; Russia Constraint; Allied Politics; Candidate Selection; Open Door Deferral; Ratification Public Case,"How did Russian reactions shape, constrain, or mainly frame U.S. decisions?","Useful for reconstructing process, staff work, sequencing, and the institutional path to decision.",C-P-L Item: NATO Enlargement,NSC email with attached policy paper,clinton-library-mdr,https://clinton.presidentiallibraries.us/items/show/57565,https://clinton.presidentiallibraries.us/files/original/ae02d8219b6f90d0e5fc7a41f099bdce.pdf,"Source: Clinton Presidential Records, NSC Emails, MsMail-Record (Sept 94-Sept 97), [NATO Enlargement and Lake], Mandatory Declassification Review 2015-0770-M, Clinton Digital Library, PDF pages 2-14. Secret."
57,no,1996-06-17,72,372-377,6,candidate-state cases,Candidate Selection; Bureaucratic Process,Which records expose bureaucratic process rather than retrospective public rationale?,"Useful for reconstructing process, staff work, sequencing, and the institutional path to decision.",Slovakia: Kramer Tells Kuchar No Benefit of Doubt for Slovakia on NATO Enlargement,Cable,clinton-library-mdr,https://clinton.presidentiallibraries.us/items/show/100538,https://clinton.presidentiallibraries.us/files/original/ad30d667d8a7801aa376b34a405c46c6.pdf,"Source: Clinton Presidential Records, NSC Cables, Mandatory Declassification Review 2015-0771-M, Clinton Digital Library PDF pages 100-105."
93,no,1996-09,73,378-380,3,constraints/diplomacy,Presidential Choice; Russia Constraint; Bureaucratic Process,"Where did presidential choice enter, and what was delegated to interagency or allied bargaining?",Useful for weighing presidential diplomacy against Russia-related constraint and alliance strategy.,President Clinton to President Yeltsin on NATO and Russia,Presidential letter draft,clinton-library-mdr,https://clinton.presidentiallibraries.us/items/show/101137,https://clinton.presidentiallibraries.us/files/original/daba4e1e86126f7392f28f4619aa711a.pdf,"Source: Clinton Presidential Records, NSC Cable, Email, and Records Management System, Mandatory Declassification Review 2015-0772-M, Clinton Digital Library PDF pages 222-224. Confidential."
85,no,1996-09-17,74,381-383,3,candidate-state cases,Russia Constraint; Candidate Selection; Open Door Deferral; Bureaucratic Process,"How did Russian reactions shape, constrain, or mainly frame U.S. decisions?","Useful for reconstructing process, staff work, sequencing, and the institutional path to decision.",Baltic States: Baltic Action Plan and NATO Enlargement,NSC information memorandum,clinton-library-mdr,https://clinton.presidentiallibraries.us/items/show/101137,https://clinton.presidentiallibraries.us/files/original/daba4e1e86126f7392f28f4619aa711a.pdf,"Source: Clinton Presidential Records, NSC Cable, Email, and Records Management System, Mandatory Declassification Review 2015-0772-M, Clinton Digital Library PDF pages 231-233. Confidential."
123,no,1996-09-27,75,384-385,2,whether/whom/when,Alternatives; Russia Constraint; Allied Politics; Ratification Public Case; Bureaucratic Process,What alternatives were on the table before NATO expansion hardened into policy?,"Best read for choice architecture: whether to expand, whom to invite, or when to name names.",Possible Foreign Policy Events for POTUS in October,NSC planning memorandum,clinton-library-mdr,https://clinton.presidentiallibraries.us/items/show/101137,https://clinton.presidentiallibraries.us/files/original/daba4e1e86126f7392f28f4619aa711a.pdf,"Source: Clinton Presidential Records, NSC Cable, Email, and Records Management System, Mandatory Declassification Review 2015-0772-M, Clinton Digital Library PDF pages 241-242. Confidential."
241,yes,1996-10-01,76,386-395,10,whether/whom/when,Alternatives; Russia Constraint; Allied Politics; Candidate Selection; Open Door Deferral; Bureaucratic Process,What alternatives were on the table before NATO expansion hardened into policy?,"Best read for choice architecture: whether to expand, whom to invite, or when to name names.","Copenhagen Seminar: Secretary Perry, UK and German Defense Ministers Say ""Not Yet"" to Baltic NATO Membership; Russians Don't Show",Cable,clinton-library-mdr,https://clinton.presidentiallibraries.us/items/show/101829,https://clinton.presidentiallibraries.us/files/original/1fbacf781cad23434c0c3e3f52367c90.pdf,"Source: Clinton Presidential Records, NSC Cables, Mandatory Declassification Review 2015-0792-M, Clinton Digital Library PDF pages 167-176. Unclassified; sensitive."
85,no,1996-10-04,77,396-398,3,candidate-state cases,Bureaucratic Process; Russia Constraint; Candidate Selection; Open Door Deferral,"How did Russian reactions shape, constrain, or mainly frame U.S. decisions?","Useful for reconstructing process, staff work, sequencing, and the institutional path to decision.",Your Meeting with the Troika on NATO Enlargement Issues,NSC information memorandum,clinton-library-mdr,https://clinton.presidentiallibraries.us/items/show/101137,https://clinton.presidentiallibraries.us/files/original/daba4e1e86126f7392f28f4619aa711a.pdf,"Source: Clinton Presidential Records, NSC Cable, Email, and Records Management System, Mandatory Declassification Review 2015-0772-M, Clinton Digital Library PDF pages 238-240. Secret."
52,no,1996-10-29,78,399-402,4,candidate-state cases,Russia Constraint; Allied Politics; Candidate Selection; Open Door Deferral,"How did Russian reactions shape, constrain, or mainly frame U.S. decisions?","Useful for tracking what policymakers preserved, postponed, or refused to decide in the first round.",ACTING SECRETARY AND LITHUANIAN FONMIN ON NATO ENLARGEMENT,TE,state-foia,https://foia.state.gov/DOCUMENTS/FOIA_Aug2019_2020/F-2017-13804/DOC_0C06698709/C06698709.pdf,https://foia.state.gov/DOCUMENTS/FOIA_Aug2019_2020/F-2017-13804/DOC_0C06698709/C06698709.pdf,"Source: Department of State, FOIA Virtual Reading Room, Case F-2017-13804, Doc No. C06698709. RELEASE IN FULL."
83,no,1996-10-29,79,403-406,4,constraints/diplomacy,Russia Constraint; Allied Politics; Bureaucratic Process,"How did Russian reactions shape, constrain, or mainly frame U.S. decisions?","Useful for reconstructing process, staff work, sequencing, and the institutional path to decision.",Ambassador's Farewell Call on Presidential Foreign Policy Advisor Ryurikov,Cable,clinton-library-mdr,https://clinton.presidentiallibraries.us/items/show/101829,https://clinton.presidentiallibraries.us/files/original/1fbacf781cad23434c0c3e3f52367c90.pdf,"Source: Clinton Presidential Records, NSC Cables, Mandatory Declassification Review 2015-0792-M, Clinton Digital Library PDF pages 182-185. Confidential."
217,yes,1996-11-01,80,407-427,21,constraints/diplomacy,Presidential Choice; Bureaucratic Process; Russia Constraint; Allied Politics; Candidate Selection,"Where did presidential choice enter, and what was delegated to interagency or allied bargaining?",Useful for weighing presidential diplomacy against Russia-related constraint and alliance strategy.,Lake Meeting with President Jacques Chirac of France,Memorandum of conversation,clinton-library-mdr,https://clinton.presidentiallibraries.us/items/show/57563,https://clinton.presidentiallibraries.us/files/original/369537c192017e6b05f68d908f1a75e8.pdf,"Source: Clinton Presidential Records, NSC Cable, Email, and Records Management System, Mandatory Declassification Review 2015-0755-M, Clinton Digital Library PDF pages 178-198. Secret."
83,no,1996-11-06,81,428-430,3,constraints/diplomacy,Russia Constraint; Allied Politics; Bureaucratic Process,"How did Russian reactions shape, constrain, or mainly frame U.S. decisions?","Useful for reconstructing process, staff work, sequencing, and the institutional path to decision.","NATO Enlargement, NATO-Russia and START",NSC information memorandum,clinton-library-mdr,https://clinton.presidentiallibraries.us/items/show/101137,https://clinton.presidentiallibraries.us/files/original/daba4e1e86126f7392f28f4619aa711a.pdf,"Source: Clinton Presidential Records, NSC Cable, Email, and Records Management System, Mandatory Declassification Review 2015-0772-M, Clinton Digital Library PDF pages 258-260. Secret."
83,no,1996-12-04,82,431-437,7,constraints/diplomacy,Bureaucratic Process; Russia Constraint; Allied Politics,"How did Russian reactions shape, constrain, or mainly frame U.S. decisions?","Useful for reconstructing process, staff work, sequencing, and the institutional path to decision.",The Secretary's Breakfast Meeting with NATO Secretary General Solana,Cable,clinton-library-mdr,https://clinton.presidentiallibraries.us/items/show/101829,https://clinton.presidentiallibraries.us/files/original/1fbacf781cad23434c0c3e3f52367c90.pdf,"Source: Clinton Presidential Records, NSC Cables, Mandatory Declassification Review 2015-0792-M, Clinton Digital Library PDF pages 197-203. Confidential; Exdis."
97,no,1997-02-07,83,438-444,7,constraints/diplomacy,Bureaucratic Process; Russia Constraint; Allied Politics; Candidate Selection,"How did Russian reactions shape, constrain, or mainly frame U.S. decisions?","Useful for reconstructing process, staff work, sequencing, and the institutional path to decision.","Meeting with Russian Prime Minister Viktor Chernomyrdin: March Summit, GCC Results, European Security, START, Economics",Memorandum of conversation,clinton-library-mdr,https://clinton.presidentiallibraries.us/items/show/57563,https://clinton.presidentiallibraries.us/files/original/369537c192017e6b05f68d908f1a75e8.pdf,"Source: Clinton Presidential Records, NSC Cable, Email, and Records Management System, Mandatory Declassification Review 2015-0755-M, Clinton Digital Library PDF pages 222-228. Confidential."
83,no,1997-02-07,84,445-449,5,constraints/diplomacy,Bureaucratic Process; Russia Constraint; Allied Politics,"How did Russian reactions shape, constrain, or mainly frame U.S. decisions?","Useful for reconstructing process, staff work, sequencing, and the institutional path to decision.",Points to Be Made for Meeting with Russian Prime Minister Chernomyrdin,Presidential talking points,clinton-library-mdr,https://clinton.presidentiallibraries.us/items/show/101137,https://clinton.presidentiallibraries.us/files/original/daba4e1e86126f7392f28f4619aa711a.pdf,"Source: Clinton Presidential Records, NSC Cable, Email, and Records Management System, Mandatory Declassification Review 2015-0772-M, Clinton Digital Library PDF pages 286-290. Secret."
93,no,1997-02-27,85,450-452,3,constraints/diplomacy,Presidential Choice; Russia Constraint; Bureaucratic Process,"Where did presidential choice enter, and what was delegated to interagency or allied bargaining?",Useful for weighing presidential diplomacy against Russia-related constraint and alliance strategy.,"Telephone call with President Boris Yeltsin of Russia, February 27, 1997, White House",Memorandum of telephone conversation,clinton-library-mdr,https://www.clintonlibrary.gov/research/archives/finding-aids/declassified-documents-concerning-russian-president-boris-yeltsin-0,https://www.clintonlibrary.gov/sites/default/files/finding_aids_a_z/2026-01/2015-0782-M-2.pdf,"Source: Clinton Presidential Records, Meetings and Telephone Calls with Foreign Leaders, Mandatory Declassification Review 2015-0782-M-2, Clinton Library PDF pages 87-89. Confidential."
111,no,1997-03-18,86,453-454,2,constraints/diplomacy,Presidential Choice; Bureaucratic Process; Russia Constraint; Allied Politics; Ratification Public Case,"Where did presidential choice enter, and what was delegated to interagency or allied bargaining?",Useful for weighing presidential diplomacy against Russia-related constraint and alliance strategy.,Pre-Brief on Helsinki Summit with Russian President Yeltsin,Presidential meeting brief,clinton-library-mdr,https://clinton.presidentiallibraries.us/items/show/101137,https://clinton.presidentiallibraries.us/files/original/daba4e1e86126f7392f28f4619aa711a.pdf,"Source: Clinton Presidential Records, NSC Cable, Email, and Records Management System, Mandatory Declassification Review 2015-0772-M, Clinton Digital Library PDF pages 379-380. Confidential."
83,no,1997-03-21,87,455-458,4,constraints/diplomacy,Russia Constraint; Allied Politics; Bureaucratic Process,"How did Russian reactions shape, constrain, or mainly frame U.S. decisions?","Useful for reconstructing process, staff work, sequencing, and the institutional path to decision.",Joint U.S.-Russian Statement on European Security,Joint presidential statement,clinton-library-mdr,https://clinton.presidentiallibraries.us/items/show/57563,https://clinton.presidentiallibraries.us/files/original/369537c192017e6b05f68d908f1a75e8.pdf,"Source: Clinton Presidential Records, NSC Cable, Email, and Records Management System, Mandatory Declassification Review 2015-0755-M, Clinton Digital Library PDF pages 239-242."
99,no,1997-03-25,88,459-462,4,constraints/diplomacy,Russia Constraint; Candidate Selection; Open Door Deferral; Bureaucratic Process,"How did Russian reactions shape, constrain, or mainly frame U.S. decisions?","Useful for reconstructing process, staff work, sequencing, and the institutional path to decision.",Russian Reactions to Helsinki,Cable,clinton-library-mdr,https://clinton.presidentiallibraries.us/items/show/100538,https://clinton.presidentiallibraries.us/files/original/ad30d667d8a7801aa376b34a405c46c6.pdf,"Source: Clinton Presidential Records, NSC Cables, Mandatory Declassification Review 2015-0771-M, Clinton Digital Library PDF pages 139-142."
237,yes,1997-04-15,89,463-464,2,whether/whom/when,Alternatives; Russia Constraint; Allied Politics; Candidate Selection; Ratification Public Case; Bureaucratic Process,What alternatives were on the table before NATO expansion hardened into policy?,"Best read for choice architecture: whether to expand, whom to invite, or when to name names.",Inviting Partners to Madrid,NSC information memorandum,clinton-library-mdr,https://clinton.presidentiallibraries.us/items/show/101137,https://clinton.presidentiallibraries.us/files/original/daba4e1e86126f7392f28f4619aa711a.pdf,"Source: Clinton Presidential Records, NSC Cable, Email, and Records Management System, Mandatory Declassification Review 2015-0772-M, Clinton Digital Library PDF pages 389-390. Secret."
117,no,1997-05-30,90,465-470,6,how/process,Alternatives; Bureaucratic Process; Russia Constraint; Allied Politics; Ratification Public Case,"How did Russian reactions shape, constrain, or mainly frame U.S. decisions?","Useful for reconstructing process, staff work, sequencing, and the institutional path to decision.",Costs of NATO Enlargement,Presidential information memorandum with attached congressional report summary,clinton-library-mdr,https://clinton.presidentiallibraries.us/items/show/101137,https://clinton.presidentiallibraries.us/files/original/daba4e1e86126f7392f28f4619aa711a.pdf,"Source: Clinton Presidential Records, NSC Cable, Email, and Records Management System, Mandatory Declassification Review 2015-0772-M, Clinton Digital Library PDF pages 432-437. Unclassified."
97,no,1997-06,91,471-472,2,future rounds/open door,Presidential Choice; Allied Politics; Open Door Deferral; Bureaucratic Process,"Where did presidential choice enter, and what was delegated to interagency or allied bargaining?","Useful for reconstructing process, staff work, sequencing, and the institutional path to decision.",President Clinton to Prime Minister Drnovsek on NATO Enlargement and the Open Door,Presidential reply draft,clinton-library-mdr,https://clinton.presidentiallibraries.us/items/show/57563,https://clinton.presidentiallibraries.us/files/original/369537c192017e6b05f68d908f1a75e8.pdf,"Source: Clinton Presidential Records, NSC Cable, Email, and Records Management System, Mandatory Declassification Review 2015-0755-M, Clinton Digital Library PDF pages 265-266."
253,yes,1997-06-09,92,473-478,6,whether/whom/when,Alternatives; Presidential Choice; Bureaucratic Process; Allied Politics; Candidate Selection; Open Door Deferral; Ratification Public Case,What alternatives were on the table before NATO expansion hardened into policy?,"Best read for choice architecture: whether to expand, whom to invite, or when to name names.",Deciding Which Countries to Support for NATO Membership at the Madrid Summit,Presidential action memorandum,clinton-library-mdr,https://clinton.presidentiallibraries.us/items/show/101137,https://clinton.presidentiallibraries.us/files/original/daba4e1e86126f7392f28f4619aa711a.pdf,"Source: Clinton Presidential Records, NSC Cable, Email, and Records Management System, Mandatory Declassification Review 2015-0772-M, Clinton Digital Library PDF pages 445-450. Secret."
67,no,1997-06-12,93,479-480,2,candidate-state cases,Allied Politics; Candidate Selection; Bureaucratic Process,Which records expose bureaucratic process rather than retrospective public rationale?,"Useful for reconstructing process, staff work, sequencing, and the institutional path to decision.",Chancellor Kohl and Romania's NATO Candidacy,Cable,clinton-library-mdr,https://clinton.presidentiallibraries.us/items/show/100538,https://clinton.presidentiallibraries.us/files/original/ad30d667d8a7801aa376b34a405c46c6.pdf,"Source: Clinton Presidential Records, NSC Cables, Mandatory Declassification Review 2015-0771-M, Clinton Digital Library PDF pages 147-148. Nodis."
261,yes,1997-06-13,94,481-487,7,whether/whom/when,Alternatives; Presidential Choice; Bureaucratic Process; Russia Constraint; Allied Politics; Candidate Selection; Open Door Deferral,What alternatives were on the table before NATO expansion hardened into policy?,"Best read for choice architecture: whether to expand, whom to invite, or when to name names.",NATO Enlargement -- U.S. Decision on New Members,Cable,clinton-library-mdr,https://clinton.presidentiallibraries.us/items/show/100538,https://clinton.presidentiallibraries.us/files/original/ad30d667d8a7801aa376b34a405c46c6.pdf,"Source: Clinton Presidential Records, NSC Cables, Mandatory Declassification Review 2015-0771-M, Clinton Digital Library PDF pages 155-161."
249,yes,1997-06-23,95,488-492,5,whether/whom/when,Alternatives; Bureaucratic Process; Russia Constraint; Allied Politics; Candidate Selection; Open Door Deferral; Ratification Public Case,What alternatives were on the table before NATO expansion hardened into policy?,"Best read for choice architecture: whether to expand, whom to invite, or when to name names.",Achieving Allied Consensus on NATO Enlargement: Whether to Set a Date or Name Names for the Second Round,Presidential information memorandum,clinton-library-mdr,https://clinton.presidentiallibraries.us/items/show/101137,https://clinton.presidentiallibraries.us/files/original/daba4e1e86126f7392f28f4619aa711a.pdf,"Source: Clinton Presidential Records, NSC Cable, Email, and Records Management System, Mandatory Declassification Review 2015-0772-M, Clinton Digital Library PDF pages 488-492. Confidential."
141,no,1997-06-26,96,493-495,3,how/process,Presidential Choice; Russia Constraint; Allied Politics; Candidate Selection; Open Door Deferral; Ratification Public Case; Bureaucratic Process,"Where did presidential choice enter, and what was delegated to interagency or allied bargaining?",Useful for weighing presidential diplomacy against Russia-related constraint and alliance strategy.,Prime Minister Drnovsek to President Clinton on Slovenia and NATO Enlargement,Foreign leader letter,clinton-library-mdr,https://clinton.presidentiallibraries.us/items/show/57563,https://clinton.presidentiallibraries.us/files/original/369537c192017e6b05f68d908f1a75e8.pdf,"Source: Clinton Presidential Records, NSC Cable, Email, and Records Management System, Mandatory Declassification Review 2015-0755-M, Clinton Digital Library PDF pages 261-263."
127,no,1997-07-24,97,496-505,10,future rounds/open door,Presidential Choice; Russia Constraint; Allied Politics; Candidate Selection; Open Door Deferral; Bureaucratic Process,"Where did presidential choice enter, and what was delegated to interagency or allied bargaining?",Useful for weighing presidential diplomacy against Russia-related constraint and alliance strategy.,The President's Working Lunch with President Roman Herzog of Germany,Memorandum of conversation,clinton-library-mdr,https://clinton.presidentiallibraries.us/items/show/57563,https://clinton.presidentiallibraries.us/files/original/369537c192017e6b05f68d908f1a75e8.pdf,"Source: Clinton Presidential Records, NSC Cable, Email, and Records Management System, Mandatory Declassification Review 2015-0755-M, Clinton Digital Library PDF pages 274-283. Confidential."
205,yes,1997-12-17,98,506-509,4,how/process,Alternatives; Bureaucratic Process; Candidate Selection; Ratification Public Case,Which records expose bureaucratic process rather than retrospective public rationale?,"Useful for reconstructing process, staff work, sequencing, and the institutional path to decision.",Strategy for Completing Ratification of NATO Enlargement,Presidential action memorandum,clinton-library-mdr,https://clinton.presidentiallibraries.us/items/show/57563,https://clinton.presidentiallibraries.us/files/original/369537c192017e6b05f68d908f1a75e8.pdf,"Source: Clinton Presidential Records, NSC Cable, Email, and Records Management System, Mandatory Declassification Review 2015-0755-M, Clinton Digital Library PDF pages 303-306."
191,yes,1998-01-21,99,510-512,3,future rounds/open door,Bureaucratic Process; Allied Politics; Candidate Selection; Open Door Deferral,Which records expose bureaucratic process rather than retrospective public rationale?,"Useful for reconstructing process, staff work, sequencing, and the institutional path to decision.",NATO's Open Door Policy,Issue paper,clinton-library-mdr,https://clinton.presidentiallibraries.us/items/show/49412,https://clinton.presidentiallibraries.us/files/original/2f760ad25ed4dba1ca8256c93c6cf7f0.pdf,"Source: Clinton Presidential Records, White House Staff and Office Files, Mandatory Declassification Review 2013-0804-M, Clinton Digital Library PDF pages 27-29. Confidential."
93,no,1998-01-22,100,513-514,2,how/process,Bureaucratic Process; Allied Politics; Candidate Selection; Ratification Public Case,Which records expose bureaucratic process rather than retrospective public rationale?,"Useful for reconstructing process, staff work, sequencing, and the institutional path to decision.",Ratification of NATO Enlargement,Issue paper,clinton-library-mdr,https://clinton.presidentiallibraries.us/items/show/49412,https://clinton.presidentiallibraries.us/files/original/2f760ad25ed4dba1ca8256c93c6cf7f0.pdf,"Source: Clinton Presidential Records, White House Staff and Office Files, Mandatory Declassification Review 2013-0804-M, Clinton Digital Library PDF pages 19-20. Confidential."
221,yes,1998-02-09,101,515-519,5,how/process,Bureaucratic Process; Russia Constraint; Allied Politics; Candidate Selection; Open Door Deferral; Ratification Public Case,"How did Russian reactions shape, constrain, or mainly frame U.S. decisions?","Useful for reconstructing process, staff work, sequencing, and the institutional path to decision.","Committee to Expand NATO Dinner IHO Polish, Czech and Hungarian Foreign Ministers",NSC information memorandum,clinton-library-mdr,https://clinton.presidentiallibraries.us/items/show/101137,https://clinton.presidentiallibraries.us/files/original/daba4e1e86126f7392f28f4619aa711a.pdf,"Source: Clinton Presidential Records, NSC Cable, Email, and Records Management System, Mandatory Declassification Review 2015-0772-M, Clinton Digital Library PDF pages 527-531. Confidential."
26,no,1998-07-09,102,520-523,4,core expansion policy,Candidate Selection; Open Door Deferral,"What did policymakers defer while deciding the first round: the Baltics, a second round, dates, or an open-door formula?","Useful for tracking what policymakers preserved, postponed, or refused to decide in the first round.",DEPUTY SECRETARY DISCUSSES NATO ENLARGEMENT AND KOSOVO WITH DANISH DEFMIN,TE,state-foia,https://foia.state.gov/DOCUMENTS/FOIA_L_Jul2021_C/F-2017-13804/DOC_0C06771955/C06771955.pdf,https://foia.state.gov/DOCUMENTS/FOIA_L_Jul2021_C/F-2017-13804/DOC_0C06771955/C06771955.pdf,"Source: Department of State, FOIA Virtual Reading Room, Case F-2017-13804, Doc No. C06771955. UNSPECIFIED IN SOURCE."
117,no,1998-09-14,103,524-526,3,future rounds/open door,Presidential Choice; Bureaucratic Process; Russia Constraint; Candidate Selection; Open Door Deferral,"Where did presidential choice enter, and what was delegated to interagency or allied bargaining?",Useful for weighing presidential diplomacy against Russia-related constraint and alliance strategy.,Meeting with President Vaclav Havel of the Czech Republic,Secretary of State memorandum to the President,clinton-library-mdr,https://www.clintonlibrary.gov/sites/default/files/finding_aids_a_z/2026-02/2024-0540-M.pdf,https://www.clintonlibrary.gov/sites/default/files/finding_aids_a_z/2026-02/2024-0540-M.pdf,"Source: Clinton Presidential Records, Mandatory Declassification Review 2024-0540-M, Clinton Library PDF pages 3-5. Confidential."
117,no,1998-09-15,104,527-530,4,future rounds/open door,Presidential Choice; Bureaucratic Process; Russia Constraint; Candidate Selection; Open Door Deferral,"Where did presidential choice enter, and what was delegated to interagency or allied bargaining?",Useful for weighing presidential diplomacy against Russia-related constraint and alliance strategy.,Summary Points to Be Made for Meeting with Czech President Havel,Presidential talking points,clinton-library-mdr,https://www.clintonlibrary.gov/sites/default/files/finding_aids_a_z/2026-02/2015-0773-M.pdf,https://www.clintonlibrary.gov/sites/default/files/finding_aids_a_z/2026-02/2015-0773-M.pdf,"Source: Clinton Presidential Records, NSC Records Management, [Havel and Telcons], Mandatory Declassification Review 2015-0773-M, Clinton Library PDF pages 138-140 and 142. Secret; President has seen; page 141 is a duplicate/incomplete packet copy and is omitted."
