packageOrder,packagePageStart,packagePageEnd,date,pageCount,title,documentType,sourceClass,themes,sourceUrl,pdfUrl,sourceNote
1,1,19,1997-04-24,19,Strategy and Timelines in the Run-Up to Madrid,NSC information memorandum with strategy papers,clinton-library-mdr,nato-expansion; madrid-summit; nato-russia; open-door-map; pfp; architecture; candidate-states; nsc-soc,https://clinton.presidentiallibraries.us/items/show/101137,https://clinton.presidentiallibraries.us/files/original/daba4e1e86126f7392f28f4619aa711a.pdf,"Source: Clinton Presidential Records, NSC Cable, Email, and Records Management System, Mandatory Declassification Review 2015-0772-M, Clinton Digital Library PDF pages 396-414. Secret."
2,20,25,1997-06-23,6,"NATO Summit - Communications Objectives, Themes, Events, Roll Out",NSC information memorandum,clinton-library-mdr,nato-expansion; madrid-summit; nato-russia; open-door-map; pfp; candidate-states; nsc-soc,https://clinton.presidentiallibraries.us/items/show/101137,https://clinton.presidentiallibraries.us/files/original/daba4e1e86126f7392f28f4619aa711a.pdf,"Source: Clinton Presidential Records, NSC Cable, Email, and Records Management System, Mandatory Declassification Review 2015-0772-M, Clinton Digital Library PDF pages 497-502. Confidential."
3,26,30,1997-06-30,5,Communications Plan for the NATO Summit,Presidential action memorandum,clinton-library-mdr,nato-expansion; madrid-summit; nato-russia; open-door-map; pfp; candidate-states; nsc-soc,https://clinton.presidentiallibraries.us/items/show/101137,https://clinton.presidentiallibraries.us/files/original/daba4e1e86126f7392f28f4619aa711a.pdf,"Source: Clinton Presidential Records, NSC Cable, Email, and Records Management System, Mandatory Declassification Review 2015-0772-M, Clinton Digital Library PDF pages 508-512. Confidential."
4,31,36,1994-12-22,6,"European Security Architecture, NATO Expansion and Russia",NSC action memorandum with conceptual paper,clinton-library-mdr,nato-expansion; nato-russia; pfp; nac-usnato; architecture; cfe-osce; candidate-states; nsc-soc,https://clinton.presidentiallibraries.us/items/show/101137,https://clinton.presidentiallibraries.us/files/original/daba4e1e86126f7392f28f4619aa711a.pdf,"Source: Clinton Presidential Records, NSC Cable, Email, and Records Management System, Mandatory Declassification Review 2015-0772-M, Clinton Digital Library PDF pages 116-121. Secret."
5,37,46,1997-07-24,10,The President's Working Lunch with President Roman Herzog of Germany,Memorandum of conversation,clinton-library-mdr,nato-expansion; madrid-summit; nato-russia; open-door-map; candidate-states; nsc-soc,https://clinton.presidentiallibraries.us/items/show/57563,https://clinton.presidentiallibraries.us/files/original/369537c192017e6b05f68d908f1a75e8.pdf,"Source: Clinton Presidential Records, NSC Cable, Email, and Records Management System, Mandatory Declassification Review 2015-0755-M, Clinton Digital Library PDF pages 274-283. Confidential."
6,47,63,1995-06-16,17,Troika Meeting on European Security/NATO Enlargement,NSC information memorandum with strategy papers,clinton-library-mdr,nato-expansion; nato-russia; open-door-map; pfp; nac-usnato; architecture; nsc-soc,https://clinton.presidentiallibraries.us/items/show/101137,https://clinton.presidentiallibraries.us/files/original/daba4e1e86126f7392f28f4619aa711a.pdf,"Source: Clinton Presidential Records, NSC Cable, Email, and Records Management System, Mandatory Declassification Review 2015-0772-M, Clinton Digital Library PDF pages 131-147. Secret."
7,64,76,1997-06-10,13,Meeting with Senate NATO Observer Group (SNOG),Presidential briefing memorandum with talking points and Q&A,clinton-library-mdr,nato-expansion; madrid-summit; nato-russia; open-door-map; candidate-states; nsc-soc,https://clinton.presidentiallibraries.us/items/show/101137,https://clinton.presidentiallibraries.us/files/original/daba4e1e86126f7392f28f4619aa711a.pdf,"Source: Clinton Presidential Records, NSC Cable, Email, and Records Management System, Mandatory Declassification Review 2015-0772-M, Clinton Digital Library PDF pages 464-476. Secret."
8,77,82,1994-10-13,6,NATO Expansion,Presidential information memorandum with NSC staff paper,clinton-library-mdr,nato-expansion; nato-russia; pfp; nac-usnato; cfe-osce; candidate-states; nsc-soc,https://clinton.presidentiallibraries.us/items/show/57563,https://clinton.presidentiallibraries.us/files/original/369537c192017e6b05f68d908f1a75e8.pdf,"Source: Clinton Presidential Records, NSC Cable, Email, and Records Management System, Mandatory Declassification Review 2015-0755-M, Clinton Digital Library PDF pages 71-76. Secret."
9,83,85,1993-08-24,3,NATO Summit Talking Points,Talking points,clinton-library-mdr,nato-expansion; nato-russia; pfp; architecture; cfe-osce; candidate-states; nsc-soc,https://clinton.presidentiallibraries.us/items/show/118449,https://clinton.presidentiallibraries.us/files/original/30a20581e145dde08f2fa55c745c04f2.pdf,"Source: Clinton Presidential Records, NSC Records Management, DC0054 DC Meeting on NATO Summit, September 8, 1993, Mandatory Declassification Review 2015-0768-M, Clinton Digital Library, PDF pages 47-49. Confidential."
10,86,101,1995-05-10,16,"Summary Report on One-On-One Meeting Between Presidents Clinton and Yeltsin, May 10, 1995, Kremlin",Summary report,nara-iscap,nato-expansion; nato-russia; pfp; nac-usnato; architecture; cfe-osce; nsc-soc,https://www.archives.gov/files/declassification/iscap/pdf/2016-156-doc-11.pdf,https://www.archives.gov/files/declassification/iscap/pdf/2016-156-doc-11.pdf,"Source: National Archives, Interagency Security Classification Appeals Panel, ISCAP Appeal No. 2016-156, document no. 11, Clinton Library photocopy, PDF pages 1-16. Declassified March 5, 2018."
11,102,109,1997-06-09,8,Deciding Which Countries to Support for NATO Membership at the Madrid Summit,Presidential action memorandum,clinton-library-mdr,nato-expansion; madrid-summit; open-door-map; ratification; candidate-states; nsc-soc,https://clinton.presidentiallibraries.us/items/show/101137,https://clinton.presidentiallibraries.us/files/original/daba4e1e86126f7392f28f4619aa711a.pdf,"Source: Clinton Presidential Records, NSC Cable, Email, and Records Management System, Mandatory Declassification Review 2015-0772-M, Clinton Digital Library PDF pages 440-447. Secret."
12,110,117,1997-06-23,8,Achieving Allied Consensus on NATO Enlargement: Whether to Set a Date or Name Names for the Second Round,Presidential information memorandum,clinton-library-mdr,nato-expansion; madrid-summit; open-door-map; ratification; candidate-states; nsc-soc,https://clinton.presidentiallibraries.us/items/show/101137,https://clinton.presidentiallibraries.us/files/original/daba4e1e86126f7392f28f4619aa711a.pdf,"Source: Clinton Presidential Records, NSC Cable, Email, and Records Management System, Mandatory Declassification Review 2015-0772-M, Clinton Digital Library PDF pages 485-492. Confidential."
13,118,123,1999-03-16,6,Meeting with Lithuanian Prime Minister Gediminas Vagnorius,Briefing paper,nara-catalog,nato-expansion; nato-russia; open-door-map; pfp; candidate-states; nsc-soc,https://catalog.archives.gov/id/23902181,https://s3.us-east-1.amazonaws.com/NARAprodstorage/lz/presidential-libraries/clinton/wjc-nscea/7585493/42-t-7585493-20111038F-003-005-2015.pdf,"Source: National Archives Catalog, Records of the National Security Council European Affairs Office (Clinton Administration), Richard Norland's Files, Lithuania: Bilateral, NAID 23902181, PDF pages 45-50. Confidential."
14,124,143,1995-02-11,20,Working Lunch with Prime Minister Jean-Luc Dehaene of Belgium,Memorandum of conversation,clinton-library-mdr,nato-expansion; nato-russia; pfp; architecture; cfe-osce; nsc-soc,https://clinton.presidentiallibraries.us/items/show/57563,https://clinton.presidentiallibraries.us/files/original/369537c192017e6b05f68d908f1a75e8.pdf,"Source: Clinton Presidential Records, NSC Cable, Email, and Records Management System, Mandatory Declassification Review 2015-0755-M, Clinton Digital Library PDF pages 85-104. Confidential."
15,144,164,1996-11-01,21,Lake Meeting with President Jacques Chirac of France,Memorandum of conversation,clinton-library-mdr,nato-expansion; madrid-summit; nato-russia; candidate-states; nsc-soc,https://clinton.presidentiallibraries.us/items/show/57563,https://clinton.presidentiallibraries.us/files/original/369537c192017e6b05f68d908f1a75e8.pdf,"Source: Clinton Presidential Records, NSC Cable, Email, and Records Management System, Mandatory Declassification Review 2015-0755-M, Clinton Digital Library PDF pages 178-198. Secret."
16,165,167,1994-01,3,Partnership for Peace,Briefing paper,clinton-library-mdr,nato-expansion; nato-russia; pfp; nac-usnato; candidate-states; nsc-soc,https://www.clintonlibrary.gov/sites/default/files/finding_aids_a_z/2026-02/2024-0540-M.pdf,https://www.clintonlibrary.gov/sites/default/files/finding_aids_a_z/2026-02/2024-0540-M.pdf,"Source: Clinton Presidential Records, Mandatory Declassification Review 2024-0540-M, Clinton Library PDF pages 33-35. Confidential."
17,168,170,1998-09-16,3,Restricted Meeting with President Vaclav Havel of the Czech Republic,Memorandum of conversation,clinton-library-mdr,nato-expansion; nato-russia; open-door-map; candidate-states; nsc-soc,https://clinton.presidentiallibraries.us/items/show/101539,https://www.clintonlibrary.gov/sites/default/files/finding_aids_a_z/2026-02/2015-0773-M.pdf,"Source: Clinton Presidential Records, NSC Records Management, [Havel and Telcons], Mandatory Declassification Review 2015-0773-M, Clinton Library PDF pages 174-176. Confidential."
18,171,179,1993-09-14,9,A Strategy for NATO's Transformation and Expansion,Strategy paper,clinton-library-mdr,nato-expansion; nato-russia; pfp; architecture; candidate-states; nsc-soc,https://clinton.presidentiallibraries.us/items/show/118449,https://clinton.presidentiallibraries.us/files/original/30a20581e145dde08f2fa55c745c04f2.pdf,"Source: Clinton Presidential Records, NSC Records Management, DC0056 DC Meeting on NATO Summit, 1993, Mandatory Declassification Review 2015-0768-M, Clinton Digital Library, PDF pages 52-60. Secret."
19,180,183,1994-09-17,4,NATO Expansion: Concept and Strategy,Policy paper,clinton-library-mdr,nato-expansion; nato-russia; pfp; architecture; candidate-states; nsc-soc,https://clinton.presidentiallibraries.us/items/show/118731,https://clinton.presidentiallibraries.us/files/original/3a5e05a367487bd0097cd36c04a644c6.pdf,"Source: Clinton Presidential Records, White House Staff and Office Files, Mandatory Declassification Review 2017-0193-M, Clinton Digital Library, PDF pages 1-4. Secret/Sensitive."
20,184,185,1995-05-27,2,CEEs and Our European Security Policy,NSC information memorandum,clinton-library-mdr,nato-expansion; nato-russia; pfp; architecture; candidate-states; nsc-soc,https://clinton.presidentiallibraries.us/items/show/101137,https://clinton.presidentiallibraries.us/files/original/daba4e1e86126f7392f28f4619aa711a.pdf,"Source: Clinton Presidential Records, NSC Cable, Email, and Records Management System, Mandatory Declassification Review 2015-0772-M, Clinton Digital Library PDF pages 127-128. Confidential."
21,186,191,1995-07-09,6,TALBOTT-MAMEDOV MEETING IN BUENOS AIRES ON THE MARGINS OF MENEM INAUGURAL,MI,state-foia,nato-expansion; nato-russia; pfp; nac-usnato; cfe-osce; candidate-states; nsc-soc,https://foia.state.gov/DOCUMENTS/FOIA_Jul2019_2020/F-2017-13804/DOC_0C06698191/C06698191.pdf,https://foia.state.gov/DOCUMENTS/FOIA_Jul2019_2020/F-2017-13804/DOC_0C06698191/C06698191.pdf,"Source: Department of State, FOIA Virtual Reading Room, Case F-2017-13804, Doc No. C06698191. RELEASE IN FULL."
22,192,195,1995-07-17,4,European Security/NATO Enlargement Progress Report,Presidential information memorandum,clinton-library-mdr,nato-expansion; nato-russia; pfp; nac-usnato; architecture; nsc-soc,https://clinton.presidentiallibraries.us/items/show/101137,https://clinton.presidentiallibraries.us/files/original/daba4e1e86126f7392f28f4619aa711a.pdf,"Source: Clinton Presidential Records, NSC Cable, Email, and Records Management System, Mandatory Declassification Review 2015-0772-M, Clinton Digital Library PDF pages 184-187. Secret."
23,196,203,1997-05-27,8,"Meeting with President Boris Yeltsin of Russia, May 27, 1997, Paris, France",Memorandum of conversation,clinton-library-mdr,nato-expansion; madrid-summit; nato-russia; cfe-osce; nsc-soc,https://www.clintonlibrary.gov/research/archives/finding-aids/declassified-documents-concerning-russian-president-boris-yeltsin-0,https://www.clintonlibrary.gov/sites/default/files/finding_aids_a_z/2026-01/2015-0782-M-2.pdf,"Source: Clinton Presidential Records, NSC Records Management, Mandatory Declassification Review 2015-0782-M-2, Clinton Library PDF pages 143-150. Confidential; declassified in part."
24,204,211,1997-06-20,8,"Meeting with President Boris Yeltsin of Russia, June 20, 1997, Denver, Colorado",Memorandum of conversation,clinton-library-mdr,nato-expansion; madrid-summit; nato-russia; cfe-osce; nsc-soc,https://www.clintonlibrary.gov/research/archives/finding-aids/declassified-documents-concerning-russian-president-boris-yeltsin-0,https://www.clintonlibrary.gov/sites/default/files/finding_aids_a_z/2026-01/2015-0782-M-2.pdf,"Source: Clinton Presidential Records, Meetings and Telephone Calls with Foreign Leaders, Mandatory Declassification Review 2015-0782-M-2, Clinton Library PDF pages 165-172. Secret."
25,212,217,1995-03-07,6,Meeting with NATO Secretary General Willy Claes,Memorandum of conversation,clinton-library-mdr,nato-expansion; nato-russia; pfp; candidate-states; nsc-soc,https://clinton.presidentiallibraries.us/items/show/57563,https://clinton.presidentiallibraries.us/files/original/369537c192017e6b05f68d908f1a75e8.pdf,"Source: Clinton Presidential Records, NSC Cable, Email, and Records Management System, Mandatory Declassification Review 2015-0755-M, Clinton Digital Library PDF pages 145-150. Secret."
26,218,222,1995-10-21,5,"Meeting with Vaclav Havel, President of the Czech Republic",Memorandum of conversation,clinton-library-mdr,nato-expansion; nato-russia; pfp; candidate-states; nsc-soc,https://clinton.presidentiallibraries.us/items/show/101427,https://www.clintonlibrary.gov/sites/default/files/finding_aids_a_z/2026-02/2015-0773-M.pdf,"Source: Clinton Presidential Records, NSC Records Management, [Havel and Telcons], Mandatory Declassification Review 2015-0773-M, Clinton Library PDF pages 113-117. Confidential."
27,223,228,1997-05-30,6,Costs of NATO Enlargement,Presidential information memorandum with attached congressional report summary,clinton-library-mdr,nato-expansion; madrid-summit; nato-russia; ratification; nsc-soc,https://clinton.presidentiallibraries.us/items/show/101137,https://clinton.presidentiallibraries.us/files/original/daba4e1e86126f7392f28f4619aa711a.pdf,"Source: Clinton Presidential Records, NSC Cable, Email, and Records Management System, Mandatory Declassification Review 2015-0772-M, Clinton Digital Library PDF pages 432-437. Unclassified."
28,229,232,1994-05-26,4,Yeltsin's May 11-13 Visit to Germany: Kozyrev's Comments on PFP,Cable,clinton-library-mdr,nato-expansion; nato-russia; pfp; architecture; cfe-osce; nsc-soc,https://clinton.presidentiallibraries.us/items/show/100538,https://clinton.presidentiallibraries.us/files/original/ad30d667d8a7801aa376b34a405c46c6.pdf,"Source: Clinton Presidential Records, NSC Cables, Jan. 1993-Dec. 1994, Mandatory Declassification Review 2015-0771-M, Clinton Digital Library PDF pages 31-34. Secret; Exdis/Noforn; declassified in part."
29,233,235,1995-03,3,President Clinton to President Yeltsin on NATO-Russia Relations,Draft presidential correspondence,clinton-library-mdr,nato-expansion; nato-russia; pfp; architecture; cfe-osce; nsc-soc,https://clinton.presidentiallibraries.us/items/show/118449,https://clinton.presidentiallibraries.us/files/original/30a20581e145dde08f2fa55c745c04f2.pdf,"Source: Clinton Presidential Records, NSC Records Management, DC0180 DC Meeting on NATO Expansion and NATO-Russia Relations, March 8, 1995, Mandatory Declassification Review 2015-0768-M, Clinton Digital Library, PDF pages 74-76. Secret."
30,236,246,1997-03-21,11,Helsinki Morning Meeting with President Boris Yeltsin,Memorandum of conversation,clinton-library-mdr,nato-expansion; nato-russia; pfp; architecture; nsc-soc,https://www.clintonlibrary.gov/research/archives/finding-aids/declassified-documents-concerning-russian-president-boris-yeltsin-0,https://www.clintonlibrary.gov/sites/default/files/finding_aids_a_z/2026-01/2015-0782-M-2.pdf,"Source: Clinton Presidential Records, Meetings and Telephone Calls with Foreign Leaders, Mandatory Declassification Review 2015-0782-M-2, Clinton Library PDF pages 105-115. Confidential."
31,247,249,1998-01-21,3,NATO's Open Door Policy,Issue paper,clinton-library-mdr,nato-expansion; madrid-summit; open-door-map; pfp; nsc-soc,https://clinton.presidentiallibraries.us/items/show/49412,https://clinton.presidentiallibraries.us/files/original/2f760ad25ed4dba1ca8256c93c6cf7f0.pdf,"Source: Clinton Presidential Records, White House Staff and Office Files, Mandatory Declassification Review 2013-0804-M, Clinton Digital Library PDF pages 27-29. Confidential."
32,250,256,1997-01-25,7,Report on Talbott/Fuerth Mission and Berger-Levitte Talks,Presidential information memorandum with trip report,clinton-library-mdr,nato-expansion; madrid-summit; nato-russia; cfe-osce; nsc-soc,https://clinton.presidentiallibraries.us/items/show/57563,https://clinton.presidentiallibraries.us/files/original/369537c192017e6b05f68d908f1a75e8.pdf,"Source: Clinton Presidential Records, NSC Cable, Email, and Records Management System, Mandatory Declassification Review 2015-0755-M, Clinton Digital Library PDF pages 207-213. Secret."
33,257,258,1997-01-01,2,On Course for Madrid,Source Lead,state-foia,nato-expansion; nato-russia; nac-usnato; strobe-hard-gap,https://foia.state.gov/DOCUMENTS/FOIA_L_July2024/FL-2017-13804/DOC_0C09000038/C09000038.pdf,https://foia.state.gov/DOCUMENTS/FOIA_L_July2024/FL-2017-13804/DOC_0C09000038/C09000038.pdf,"Source: Department of State, FOIA Virtual Reading Room, Strobe Talbott FOIA release, Release July 2024, Document C09000038. Unclassified."
34,259,264,1993-10-08,6,NATO Expansion: Now Is Not the Time,Cable,clinton-library-mdr,nato-expansion; nato-russia; pfp; candidate-states; nsc-soc,https://clinton.presidentiallibraries.us/items/show/118449,https://clinton.presidentiallibraries.us/files/original/30a20581e145dde08f2fa55c745c04f2.pdf,"Source: Clinton Presidential Records, NSC Records Management, PC0037 PC Meeting on NATO Summit, October 18, 1993, Mandatory Declassification Review 2015-0768-M, Clinton Digital Library, PDF pages 3-8. Secret."
35,265,266,1993-10-19,2,The NATO Summit and Europe's East,Presidential decision memorandum,clinton-library-mdr,nato-expansion; nato-russia; pfp; candidate-states; nsc-soc,https://clinton.presidentiallibraries.us/items/show/101137,https://clinton.presidentiallibraries.us/files/original/daba4e1e86126f7392f28f4619aa711a.pdf,"Source: Clinton Presidential Records, NSC Cable, Email, and Records Management System, Mandatory Declassification Review 2015-0772-M, Clinton Digital Library PDF pages 26-27. Confidential."
36,267,271,1994-01,5,Meeting with Czech President Havel and Premier Klaus,Presidential meeting brief,clinton-library-mdr,nato-expansion; nato-russia; pfp; candidate-states; nsc-soc,https://www.clintonlibrary.gov/sites/default/files/finding_aids_a_z/2026-02/2024-0540-M.pdf,https://www.clintonlibrary.gov/sites/default/files/finding_aids_a_z/2026-02/2024-0540-M.pdf,"Source: Clinton Presidential Records, Mandatory Declassification Review 2024-0540-M, Clinton Library PDF pages 14-18. Confidential."
37,272,279,1994-09-21,8,Next Steps on NATO Expansion: Hard Questions,Policy paper,clinton-library-mdr,nato-expansion; nato-russia; ratification; candidate-states; nsc-soc,https://clinton.presidentiallibraries.us/items/show/118731,https://clinton.presidentiallibraries.us/files/original/3a5e05a367487bd0097cd36c04a644c6.pdf,"Source: Clinton Presidential Records, White House Staff and Office Files, Mandatory Declassification Review 2017-0193-M, Clinton Digital Library, PDF pages 5-12. Secret/Sensitive."
38,280,288,1994-10-04,9,Moving Toward NATO Expansion,NSC staff memorandum with policy papers,clinton-library-mdr,nato-expansion; nato-russia; pfp; candidate-states; nsc-soc,https://clinton.presidentiallibraries.us/items/show/57563,https://clinton.presidentiallibraries.us/files/original/369537c192017e6b05f68d908f1a75e8.pdf,"Source: Clinton Presidential Records, NSC Cable, Email, and Records Management System, Mandatory Declassification Review 2015-0755-M, Clinton Digital Library PDF pages 55-63. Secret/Confidential."
39,289,293,1994-12-21,5,Meeting with the Vice President on Russia and NATO Expansion,Presidential briefing memorandum,clinton-library-mdr,nato-expansion; nato-russia; pfp; nac-usnato; nsc-soc,https://clinton.presidentiallibraries.us/items/show/101137,https://clinton.presidentiallibraries.us/files/original/daba4e1e86126f7392f28f4619aa711a.pdf,"Source: Clinton Presidential Records, NSC Cable, Email, and Records Management System, Mandatory Declassification Review 2015-0772-M, Clinton Digital Library PDF pages 103-107. Confidential."
40,294,299,1995-01-25,6,NATO Expansion: Getting From Here to There,Cable,clinton-library-mdr,nato-expansion; nato-russia; pfp; nac-usnato; nsc-soc,https://clinton.presidentiallibraries.us/items/show/101829,https://clinton.presidentiallibraries.us/files/original/1fbacf781cad23434c0c3e3f52367c90.pdf,"Source: Clinton Presidential Records, NSC Cables, Mandatory Declassification Review 2015-0792-M, Clinton Digital Library PDF pages 9-14. Confidential; Exdis."
41,300,306,1997-02-07,7,"Meeting with Russian Prime Minister Viktor Chernomyrdin: March Summit, GCC Results, European Security, START, Economics",Memorandum of conversation,clinton-library-mdr,nato-expansion; nato-russia; architecture; cfe-osce; nsc-soc,https://clinton.presidentiallibraries.us/items/show/57563,https://clinton.presidentiallibraries.us/files/original/369537c192017e6b05f68d908f1a75e8.pdf,"Source: Clinton Presidential Records, NSC Cable, Email, and Records Management System, Mandatory Declassification Review 2015-0755-M, Clinton Digital Library PDF pages 222-228. Confidential."
42,307,309,1994-12-29,3,President Yeltsin to President Clinton on NATO Enlargement,Presidential correspondence,clinton-library-mdr,nato-expansion; nato-russia; pfp; architecture; nsc-soc,https://clinton.presidentiallibraries.us/items/show/118449,https://clinton.presidentiallibraries.us/files/original/30a20581e145dde08f2fa55c745c04f2.pdf,"Source: Clinton Presidential Records, NSC Records Management, DC0161 DC Meeting on NATO-Russia Relationship, January 9, 1995, Mandatory Declassification Review 2015-0768-M, Clinton Digital Library, PDF pages 64-66."
43,310,311,1995-01-06,2,President Clinton to President Yeltsin on NATO Expansion and Chechnya,Presidential message cable,clinton-library-mdr,nato-expansion; nato-russia; pfp; architecture; nsc-soc,https://clinton.presidentiallibraries.us/items/show/118449,https://clinton.presidentiallibraries.us/files/original/30a20581e145dde08f2fa55c745c04f2.pdf,"Source: Clinton Presidential Records, NSC Records Management, DC0161 DC Meeting on NATO-Russia Relationship, January 9, 1995, Mandatory Declassification Review 2015-0768-M, Clinton Digital Library, PDF pages 68-69. Confidential; declassified in part."
44,312,313,1995-03,2,Annex to Clinton-Yeltsin Letter: NATO's Evolution Since 1990,Annex,clinton-library-mdr,nato-expansion; nato-russia; pfp; architecture; nsc-soc,https://clinton.presidentiallibraries.us/items/show/118449,https://clinton.presidentiallibraries.us/files/original/30a20581e145dde08f2fa55c745c04f2.pdf,"Source: Clinton Presidential Records, NSC Records Management, DC0180 DC Meeting on NATO Expansion and NATO-Russia Relations, March 8, 1995, Mandatory Declassification Review 2015-0768-M, Clinton Digital Library, PDF pages 77-78."
45,314,318,1998-02-09,5,"Committee to Expand NATO Dinner IHO Polish, Czech and Hungarian Foreign Ministers",NSC information memorandum,clinton-library-mdr,nato-expansion; open-door-map; ratification; candidate-states; nsc-soc,https://clinton.presidentiallibraries.us/items/show/101137,https://clinton.presidentiallibraries.us/files/original/daba4e1e86126f7392f28f4619aa711a.pdf,"Source: Clinton Presidential Records, NSC Cable, Email, and Records Management System, Mandatory Declassification Review 2015-0772-M, Clinton Digital Library PDF pages 527-531. Confidential."
46,319,321,1993-09-20,3,Yeltsin: NATO Expansion,Cable,clinton-library-mdr,nato-expansion; nato-russia; pfp; cfe-osce; nsc-soc,https://clinton.presidentiallibraries.us/items/show/118449,https://clinton.presidentiallibraries.us/files/original/30a20581e145dde08f2fa55c745c04f2.pdf,"Source: Clinton Presidential Records, NSC Records Management, PC0037 PC Meeting on NATO Summit, October 18, 1993, Mandatory Declassification Review 2015-0768-M, Clinton Digital Library, PDF pages 16-18. Secret."
47,322,324,1993-09-03,3,Possible Yeltsin Letter on NATO,Cable,clinton-library-mdr,nato-expansion; nato-russia; architecture; candidate-states; nsc-soc,https://clinton.presidentiallibraries.us/items/show/100538,https://clinton.presidentiallibraries.us/files/original/ad30d667d8a7801aa376b34a405c46c6.pdf,"Source: Clinton Presidential Records, NSC Cables, Jan. 1993-Dec. 1994, Mandatory Declassification Review 2015-0771-M, Clinton Digital Library PDF pages 2-4. Confidential; Nodis."
48,325,337,1996-06-06,13,C-P-L Item: NATO Enlargement,NSC email with attached policy paper,clinton-library-mdr,nato-expansion; nato-russia; nac-usnato; architecture; nsc-soc,https://clinton.presidentiallibraries.us/items/show/57565,https://clinton.presidentiallibraries.us/files/original/ae02d8219b6f90d0e5fc7a41f099bdce.pdf,"Source: Clinton Presidential Records, NSC Emails, MsMail-Record (Sept 94-Sept 97), [NATO Enlargement and Lake], Mandatory Declassification Review 2015-0770-M, Clinton Digital Library, PDF pages 2-14. Secret."
49,338,349,1996-12-04,12,MEETING WITH PRIMAKOV IN LONDON,GC,state-foia,nato-expansion; nato-russia; nac-usnato; cfe-osce; candidate-states; nsc-soc,https://foia.state.gov/DOCUMENTS/FOIA_Aug2019_2020/F-2017-13804/DOC_0C06699013/C06699013.pdf,https://foia.state.gov/DOCUMENTS/FOIA_Aug2019_2020/F-2017-13804/DOC_0C06699013/C06699013.pdf,"Source: Department of State, FOIA Virtual Reading Room, Case F-2017-13804, Doc No. C06699013. RELEASE IN FULL."
50,350,351,1993-09-23,2,The Visegrad Four and NATO Expansion,NSC information memorandum,clinton-library-mdr,nato-expansion; nato-russia; cfe-osce; candidate-states; nsc-soc,https://clinton.presidentiallibraries.us/items/show/101137,https://clinton.presidentiallibraries.us/files/original/daba4e1e86126f7392f28f4619aa711a.pdf,"Source: Clinton Presidential Records, NSC Cable, Email, and Records Management System, Mandatory Declassification Review 2015-0772-M, Clinton Digital Library PDF pages 17-18. Confidential."
51,352,357,1997-02-22,6,"SECRETARY'S MEETING WITH RUSSIAN PRIME MINISTER CHERNOMYRDIN, FEBRUARY 20, 1997",TE,state-foia,nato-expansion; madrid-summit; nato-russia; nac-usnato; nsc-soc,https://foia.state.gov/DOCUMENTS/FOIA_Aug2019_2020/F-2017-13804/DOC_0C06703508/C06703508.pdf,https://foia.state.gov/DOCUMENTS/FOIA_Aug2019_2020/F-2017-13804/DOC_0C06703508/C06703508.pdf,"Source: Department of State, FOIA Virtual Reading Room, Case F-2017-13804, Doc No. C06703508. RELEASE IN FULL."
52,358,361,1996-07-24,4,DEPUTY SECRETARY TALBOTT'S JULY 9 MEETING WITH HUNGARIAN MFA STATE SECRETARY ISTVAN SZENT-IVANYI,TE,state-foia,nato-expansion; nato-russia; pfp; nac-usnato; architecture; candidate-states,https://foia.state.gov/DOCUMENTS/FOIA_Jul2019_2020/F-2017-13804/DOC_0C06698297/C06698297.pdf,https://foia.state.gov/DOCUMENTS/FOIA_Jul2019_2020/F-2017-13804/DOC_0C06698297/C06698297.pdf,"Source: Department of State, FOIA Virtual Reading Room, Case F-2017-13804, Doc No. C06698297. RELEASE IN FULL."
53,362,368,1996-11-15,7,DEPUTY SECRETARY MEETING WITH UKRAINIAN FOREIGN MINISTER UDOVENKO,TE,state-foia,nato-expansion; nato-russia; architecture; cfe-osce; candidate-states; nsc-soc,https://foia.state.gov/DOCUMENTS/FOIA_Aug2019_2020/F-2017-13804/DOC_0C06698688/C06698688.pdf,https://foia.state.gov/DOCUMENTS/FOIA_Aug2019_2020/F-2017-13804/DOC_0C06698688/C06698688.pdf,"Source: Department of State, FOIA Virtual Reading Room, Case F-2017-13804, Doc No. C06698688. RELEASE IN FULL."
54,369,373,1997-03-05,5,"SECRETARY'S MEETING WITH YEVGENIY M. PRIMAKOV RUSSIAN FOREIGN MINISTER, FEBRUARY 20, 1997, MOSCOW`",TE,state-foia,nato-expansion; nato-russia; architecture; cfe-osce; candidate-states; nsc-soc,https://foia.state.gov/DOCUMENTS/FOIA_Aug2019_2020/F-2017-13804/DOC_0C06702917/C06702917.pdf,https://foia.state.gov/DOCUMENTS/FOIA_Aug2019_2020/F-2017-13804/DOC_0C06702917/C06702917.pdf,"Source: Department of State, FOIA Virtual Reading Room, Case F-2017-13804, Doc No. C06702917. RELEASE IN FULL."
55,374,378,1997-03-07,5,OFFICIAL INFORMAL -- TALBOTT - LEVITTE MEETING,GC,state-foia,nato-expansion; madrid-summit; architecture; cfe-osce; candidate-states; nsc-soc,https://foia.state.gov/DOCUMENTS/FOIA_Aug2019_2020/F-2017-13804/DOC_0C06703393/C06703393.pdf,https://foia.state.gov/DOCUMENTS/FOIA_Aug2019_2020/F-2017-13804/DOC_0C06703393/C06703393.pdf,"Source: Department of State, FOIA Virtual Reading Room, Case F-2017-13804, Doc No. C06703393. RELEASE IN FULL."
56,379,383,1997-03-12,5,"DEPUTY SECRETARY'S MEETING WITH FRENCH PRESIDENT'S DIPLOMATIC ADVISOR, MARCH 4",TE,state-foia,nato-expansion; madrid-summit; architecture; cfe-osce; candidate-states; nsc-soc,https://foia.state.gov/DOCUMENTS/FOIA_Aug2019_2020/F-2017-13804/DOC_0C06703449/C06703449.pdf,https://foia.state.gov/DOCUMENTS/FOIA_Aug2019_2020/F-2017-13804/DOC_0C06703449/C06703449.pdf,"Source: Department of State, FOIA Virtual Reading Room, Case F-2017-13804, Doc No. C06703449. RELEASE IN FULL."
57,384,387,1996-10-29,4,ACTING SECRETARY AND LITHUANIAN FONMIN ON NATO ENLARGEMENT,TE,state-foia,nato-expansion; nato-russia; pfp; nac-usnato; cfe-osce; candidate-states,https://foia.state.gov/DOCUMENTS/FOIA_Aug2019_2020/F-2017-13804/DOC_0C06698709/C06698709.pdf,https://foia.state.gov/DOCUMENTS/FOIA_Aug2019_2020/F-2017-13804/DOC_0C06698709/C06698709.pdf,"Source: Department of State, FOIA Virtual Reading Room, Case F-2017-13804, Doc No. C06698709. RELEASE IN FULL."
58,388,392,2000-01-28,5,Official - Informal,TE,state-foia,nato-expansion; madrid-summit; open-door-map; architecture; cfe-osce; candidate-states,https://foia.state.gov/DOCUMENTS/FOIA_L_Dec2020_C/F-2017-13804/DOC_0C06814913/C06814913.pdf,https://foia.state.gov/DOCUMENTS/FOIA_L_Dec2020_C/F-2017-13804/DOC_0C06814913/C06814913.pdf,"Source: Department of State, FOIA Virtual Reading Room, Case F-2017-13804, Doc No. C06814913. UNSPECIFIED IN SOURCE."
59,393,404,1995-02-28,12,"The President's Working Lunch with Wim Kok, Prime Minister of the Netherlands",Memorandum of conversation,clinton-library-mdr,nato-expansion; nato-russia; architecture; nsc-soc,https://clinton.presidentiallibraries.us/items/show/57563,https://clinton.presidentiallibraries.us/files/original/369537c192017e6b05f68d908f1a75e8.pdf,"Source: Clinton Presidential Records, NSC Cable, Email, and Records Management System, Mandatory Declassification Review 2015-0755-M, Clinton Digital Library PDF pages 126-137. Confidential."
60,405,407,1997-02-27,3,"Telephone call with President Boris Yeltsin of Russia, February 27, 1997, White House",Memorandum of telephone conversation,clinton-library-mdr,nato-expansion; nato-russia; architecture; nsc-soc,https://www.clintonlibrary.gov/research/archives/finding-aids/declassified-documents-concerning-russian-president-boris-yeltsin-0,https://www.clintonlibrary.gov/sites/default/files/finding_aids_a_z/2026-01/2015-0782-M-2.pdf,"Source: Clinton Presidential Records, Meetings and Telephone Calls with Foreign Leaders, Mandatory Declassification Review 2015-0782-M-2, Clinton Library PDF pages 87-89. Confidential."
61,408,412,1998-09-16,5,Expanded Meeting with President Vaclav Havel of the Czech Republic,Memorandum of conversation,clinton-library-mdr,nato-expansion; open-door-map; candidate-states; nsc-soc,https://clinton.presidentiallibraries.us/items/show/101539,https://www.clintonlibrary.gov/sites/default/files/finding_aids_a_z/2026-02/2015-0773-M.pdf,"Source: Clinton Presidential Records, NSC Records Management, [Havel and Telcons], Mandatory Declassification Review 2015-0773-M, Clinton Library PDF pages 177-181. Confidential."
62,413,415,1998-10-21,3,Memorandum of Conversation: Meeting with President Adamkus of Lithuania,Memcon,nara-catalog,nato-expansion; open-door-map; candidate-states; nsc-soc,https://catalog.archives.gov/id/23902181,https://s3.us-east-1.amazonaws.com/NARAprodstorage/lz/presidential-libraries/clinton/wjc-nscea/7585493/42-t-7585493-20111038F-003-005-2015.pdf,"Source: National Archives Catalog, Records of the National Security Council European Affairs Office (Clinton Administration), Richard Norland's Files, Lithuania: Bilateral, NAID 23902181, PDF pages 78-80. Confidential."
63,416,417,2000-04-20,2,"Deputy Secretary Talbott and NSC Senior Director Hill Meet with General Sir Rupert Smith, D/Saceur, on Apr 18, 2000",TE,state-foia,nato-expansion; nato-russia; open-door-map; candidate-states; nsc-soc,https://foia.state.gov/DOCUMENTS/FOIA_L_Dec2020_C/F-2017-13804/DOC_0C06815096/C06815096.pdf,https://foia.state.gov/DOCUMENTS/FOIA_L_Dec2020_C/F-2017-13804/DOC_0C06815096/C06815096.pdf,"Source: Department of State, FOIA Virtual Reading Room, Case F-2017-13804, Doc No. C06815096. UNSPECIFIED IN SOURCE."
64,418,425,1997-06-09,8,A Diplomatic and Congressional Strategy for Madrid and Beyond,Strategy paper,clinton-library-mdr,nato-expansion; madrid-summit; open-door-map; nsc-soc,https://clinton.presidentiallibraries.us/items/show/118449,https://clinton.presidentiallibraries.us/files/original/30a20581e145dde08f2fa55c745c04f2.pdf,"Source: Clinton Presidential Records, NSC Records Management, PC0230 PC Meeting on Madrid NATO Summit Planning, June 10, 1997, Mandatory Declassification Review 2015-0768-M, Clinton Digital Library, PDF pages 29-36. Confidential."
65,426,427,1998-05-04,2,Telcon with President Havel of the Czech Republic,Memorandum of telephone conversation,clinton-library-mdr,nato-expansion; ratification; candidate-states; nsc-soc,https://clinton.presidentiallibraries.us/items/show/101537,https://www.clintonlibrary.gov/sites/default/files/finding_aids_a_z/2026-02/2015-0773-M.pdf,"Source: Clinton Presidential Records, NSC Records Management, [Havel and Telcons], Mandatory Declassification Review 2015-0773-M, Clinton Library PDF pages 127-128. Unclassified."
66,428,434,1993-09-29,7,"Russia, NATO and the Two January Summits",Cable,clinton-library-mdr,nato-expansion; nato-russia; pfp; nsc-soc,https://clinton.presidentiallibraries.us/items/show/118449,https://clinton.presidentiallibraries.us/files/original/30a20581e145dde08f2fa55c745c04f2.pdf,"Source: Clinton Presidential Records, NSC Records Management, PC0037 PC Meeting on NATO Summit, October 18, 1993, Mandatory Declassification Review 2015-0768-M, Clinton Digital Library, PDF pages 9-15. Secret."
67,435,440,1993-10-25,6,"Secretary Christopher's Meeting with President Yeltsin, 10/22/93, Moscow",Cable,clinton-library-mdr,nato-expansion; nato-russia; pfp; nsc-soc,https://clinton.presidentiallibraries.us/items/show/100538,https://clinton.presidentiallibraries.us/files/original/ad30d667d8a7801aa376b34a405c46c6.pdf,"Source: Clinton Presidential Records, NSC Cables, Jan. 1993-Dec. 1994, Mandatory Declassification Review 2015-0771-M, Clinton Digital Library PDF pages 7-12. Secret; Nodis."
68,441,448,1993-12-31,8,Your Trip to Prague,Presidential briefing memorandum,clinton-library-mdr,nato-expansion; nato-russia; pfp; nsc-soc,https://www.clintonlibrary.gov/sites/default/files/finding_aids_a_z/2026-02/2024-0540-M.pdf,https://www.clintonlibrary.gov/sites/default/files/finding_aids_a_z/2026-02/2024-0540-M.pdf,"Source: Clinton Presidential Records, Mandatory Declassification Review 2024-0540-M, Clinton Library PDF pages 6-13. Confidential."
69,449,449,1995-03,1,Elements of a Russian Reply,Talking points,clinton-library-mdr,nato-expansion; nato-russia; pfp; nsc-soc,https://clinton.presidentiallibraries.us/items/show/118449,https://clinton.presidentiallibraries.us/files/original/30a20581e145dde08f2fa55c745c04f2.pdf,"Source: Clinton Presidential Records, NSC Records Management, DC0180 DC Meeting on NATO Expansion and NATO-Russia Relations, March 8, 1995, Mandatory Declassification Review 2015-0768-M, Clinton Digital Library, PDF page 81. Confidential/Nodis."
70,450,451,1995-03-02,2,Status of NATO-Russia Process,Decision paper,clinton-library-mdr,nato-expansion; nato-russia; pfp; nsc-soc,https://clinton.presidentiallibraries.us/items/show/118449,https://clinton.presidentiallibraries.us/files/original/30a20581e145dde08f2fa55c745c04f2.pdf,"Source: Clinton Presidential Records, NSC Records Management, DC0180 DC Meeting on NATO Expansion and NATO-Russia Relations, March 8, 1995, Mandatory Declassification Review 2015-0768-M, Clinton Digital Library, PDF pages 72-73. Confidential."
71,452,455,1995-03-03,4,NATO Expansion: U.S. Views on Military Implications,Cable,clinton-library-mdr,nato-expansion; accession; candidate-states; nsc-soc,https://clinton.presidentiallibraries.us/items/show/101829,https://clinton.presidentiallibraries.us/files/original/1fbacf781cad23434c0c3e3f52367c90.pdf,"Source: Clinton Presidential Records, NSC Cables, Mandatory Declassification Review 2015-0792-M, Clinton Digital Library PDF pages 28-31. Confidential."
72,456,459,1997-03-06,4,OFFICIAL INFORMAL: FOR OFFICE OF THE DEPUTY SECRETARY (ERIC EDELMAN),TE,state-foia,nato-expansion; pfp; architecture; cfe-osce; candidate-states; nsc-soc,https://foia.state.gov/DOCUMENTS/FOIA_Aug2019_2020/F-2017-13804/DOC_0C06703169/C06703169.pdf,https://foia.state.gov/DOCUMENTS/FOIA_Aug2019_2020/F-2017-13804/DOC_0C06703169/C06703169.pdf,"Source: Department of State, FOIA Virtual Reading Room, Case F-2017-13804, Doc No. C06703169. RELEASE IN FULL."
73,460,464,1997-03-12,5,"DEPUTY SECRETARY'S MEETING WITH FRENCH MFA POLITICAL DIRECTOR, MARCH 4",TE,state-foia,nato-expansion; pfp; architecture; cfe-osce; candidate-states; nsc-soc,https://foia.state.gov/DOCUMENTS/FOIA_Aug2019_2020/F-2017-13804/DOC_0C06703181/C06703181.pdf,https://foia.state.gov/DOCUMENTS/FOIA_Aug2019_2020/F-2017-13804/DOC_0C06703181/C06703181.pdf,"Source: Department of State, FOIA Virtual Reading Room, Case F-2017-13804, Doc No. C06703181. RELEASE IN FULL."
74,465,468,1997-01-01,4,DRAFT LETTER FROM THE SECRETARY TO CENTRAL EUROPEAN COUNTERPARTS w/Attached Facsimile Transmission,Source Lead,state-foia,nato-expansion; architecture; cfe-osce; strobe-hard-gap,https://foia.state.gov/DOCUMENTS/FOIA_L_Mar2023/FL-2017-13804/DOC_0C09000060/C09000060.pdf,https://foia.state.gov/DOCUMENTS/FOIA_L_Mar2023/FL-2017-13804/DOC_0C09000060/C09000060.pdf,"Source: Department of State, FOIA Virtual Reading Room, Strobe Talbott FOIA release, Release March 2023, Document C09000060. Unclassified."
75,469,492,1995-09-15,24,KOZYREV MEETING,MI,state-foia,nato-expansion; nato-russia; pfp; architecture; nsc-soc,https://foia.state.gov/DOCUMENTS/FOIA_Jul2019_2020/F-2017-13804/DOC_0C06698129/C06698129.pdf,https://foia.state.gov/DOCUMENTS/FOIA_Jul2019_2020/F-2017-13804/DOC_0C06698129/C06698129.pdf,"Source: Department of State, FOIA Virtual Reading Room, Case F-2017-13804, Doc No. C06698129. RELEASE IN FULL."
76,493,497,1996-09-13,5,THE BRIEF THAT JIM AND I WILL GIVE TO YOU ON OUR RETURN TO THE DEPARTMENT,GC,state-foia,nato-expansion; nato-russia; nac-usnato; candidate-states; nsc-soc,https://foia.state.gov/DOCUMENTS/FOIA_Jul2019_2020/F-2017-13804/DOC_0C06698215/C06698215.pdf,https://foia.state.gov/DOCUMENTS/FOIA_Jul2019_2020/F-2017-13804/DOC_0C06698215/C06698215.pdf,"Source: Department of State, FOIA Virtual Reading Room, Case F-2017-13804, Doc No. C06698215. RELEASE IN FULL."
77,498,499,1995-07-27,2,West European Attitudes Toward NATO Enlargement,Presidential information memorandum,clinton-library-mdr,nato-expansion; nato-russia; candidate-states; nsc-soc,https://clinton.presidentiallibraries.us/items/show/101137,https://clinton.presidentiallibraries.us/files/original/daba4e1e86126f7392f28f4619aa711a.pdf,"Source: Clinton Presidential Records, NSC Cable, Email, and Records Management System, Mandatory Declassification Review 2015-0772-M, Clinton Digital Library PDF pages 169-170. Secret."
78,500,501,2000-11-13,2,Visit of Lithuanian Deputy Foreign Minister Usackas,Cable,nara-catalog,nato-expansion; nato-russia; candidate-states; nsc-soc,https://catalog.archives.gov/id/23902170,https://s3.us-east-1.amazonaws.com/NARAprodstorage/lz/presidential-libraries/clinton/wjc-nscea/7585471/42-t-7585471-20111038F-002-019-2015.pdf,"Source: National Archives Catalog, Records of the National Security Council European Affairs Office (Clinton Administration), Antony Blinken's Files, Lithuania - Meeting with Deputy Foreign Minister Usackas, November 13, 2000, NAID 23902170, PDF pages 6-7."
79,502,507,1997-03-05,6,"SECRETARY'S MEETING WITH VICTOR CHERNOMYRDIN, RUSSIAN PRIME MINISTER FEBRUARY 20, 1997, MOSCOW",TE,state-foia,nato-expansion; madrid-summit; nato-russia; nac-usnato; cfe-osce,https://foia.state.gov/DOCUMENTS/FOIA_Aug2019_2020/F-2017-13804/DOC_0C06702931/C06702931.pdf,https://foia.state.gov/DOCUMENTS/FOIA_Aug2019_2020/F-2017-13804/DOC_0C06702931/C06702931.pdf,"Source: Department of State, FOIA Virtual Reading Room, Case F-2017-13804, Doc No. C06702931. RELEASE IN FULL."
80,508,512,1996-10-29,5,DEPUTY SECRETARY TALBOTT'S OCTOBER 1 MEETING WITH HUNGARIAN FOREIGN MINISTER KOVACS,TE,state-foia,nato-expansion; nato-russia; cfe-osce; candidate-states; nsc-soc,https://foia.state.gov/DOCUMENTS/FOIA_Aug2019_2020/F-2017-13804/DOC_0C06698715/C06698715.pdf,https://foia.state.gov/DOCUMENTS/FOIA_Aug2019_2020/F-2017-13804/DOC_0C06698715/C06698715.pdf,"Source: Department of State, FOIA Virtual Reading Room, Case F-2017-13804, Doc No. C06698715. RELEASE IN FULL."
81,513,517,1997-02-23,5,"SECRETARYOS MEETING WITH MICHEAL PORTILLO, BRITISH DEFENSE SECRETARY, FEBRUARY 19. 1997, LONDON",TE,state-foia,nato-expansion; nato-russia; nac-usnato; cfe-osce; nsc-soc,https://foia.state.gov/DOCUMENTS/FOIA_Aug2019_2020/F-2017-13804/DOC_0C06702826/C06702826.pdf,https://foia.state.gov/DOCUMENTS/FOIA_Aug2019_2020/F-2017-13804/DOC_0C06702826/C06702826.pdf,"Source: Department of State, FOIA Virtual Reading Room, Case F-2017-13804, Doc No. C06702826. RELEASE IN FULL."
82,518,518,2000-11-13,1,Lithuanian Deputy FM Usackas: Points to Be Made,Email and briefing points,nara-catalog,nato-expansion; open-door-map; candidate-states; nsc-soc,https://catalog.archives.gov/id/23902170,https://s3.us-east-1.amazonaws.com/NARAprodstorage/lz/presidential-libraries/clinton/wjc-nscea/7585471/42-t-7585471-20111038F-002-019-2015.pdf,"Source: National Archives Catalog, Records of the National Security Council European Affairs Office (Clinton Administration), Antony Blinken's Files, Lithuania - Meeting with Deputy Foreign Minister Usackas, November 13, 2000, NAID 23902170, PDF page 5."
83,519,524,1993-09-17,6,Luncheon with Prime Minister Carlo Ciampi of Italy,Memorandum of conversation,clinton-library-mdr,nato-expansion; nato-russia; nsc-soc,https://clinton.presidentiallibraries.us/items/show/57563,https://clinton.presidentiallibraries.us/files/original/369537c192017e6b05f68d908f1a75e8.pdf,"Source: Clinton Presidential Records, NSC Cable, Email, and Records Management System, Mandatory Declassification Review 2015-0755-M, Clinton Digital Library PDF pages 17-22. Confidential."
84,525,529,1993-09-17,5,Meeting with Prime Minister Carlo Ciampi of Italy,Memorandum of conversation,clinton-library-mdr,nato-expansion; nato-russia; nsc-soc,https://clinton.presidentiallibraries.us/items/show/57563,https://clinton.presidentiallibraries.us/files/original/369537c192017e6b05f68d908f1a75e8.pdf,"Source: Clinton Presidential Records, NSC Cable, Email, and Records Management System, Mandatory Declassification Review 2015-0755-M, Clinton Digital Library PDF pages 31-35. Confidential."
85,530,532,1996-07-05,3,Telephone Conversation with Russian President Yeltsin,Memorandum of telephone conversation,clinton-library-mdr,nato-expansion; nato-russia; nsc-soc,https://www.clintonlibrary.gov/research/archives/finding-aids/declassified-documents-concerning-russian-president-boris-yeltsin-0,https://www.clintonlibrary.gov/sites/default/files/finding_aids_a_z/2026-01/2015-0782-M-2.pdf,"Source: Clinton Presidential Records, Meetings and Telephone Calls with Foreign Leaders, Mandatory Declassification Review 2015-0782-M-2, Clinton Library PDF pages 49-51. Confidential."
86,533,536,1997-03-21,4,Helsinki Afternoon Meeting with President Boris Yeltsin,Memorandum of conversation,clinton-library-mdr,nato-expansion; nato-russia; nsc-soc,https://www.clintonlibrary.gov/research/archives/finding-aids/declassified-documents-concerning-russian-president-boris-yeltsin-0,https://www.clintonlibrary.gov/sites/default/files/finding_aids_a_z/2026-01/2015-0782-M-2.pdf,"Source: Clinton Presidential Records, Meetings and Telephone Calls with Foreign Leaders, Mandatory Declassification Review 2015-0782-M-2, Clinton Library PDF pages 124-127. Confidential."
87,537,538,1997-05-15,2,The NATO-Russia Founding Act,Presidential information memorandum,clinton-library-mdr,nato-expansion; nato-russia; cfe-osce; nsc-soc,https://clinton.presidentiallibraries.us/items/show/101137,https://clinton.presidentiallibraries.us/files/original/daba4e1e86126f7392f28f4619aa711a.pdf,"Source: Clinton Presidential Records, NSC Cable, Email, and Records Management System, Mandatory Declassification Review 2015-0772-M, Clinton Digital Library PDF pages 421-422. Confidential."
88,539,546,1998-09-28,8,"DEPUTY SECRETARY TALBOTT BRIEFING TOTHE NAC ON MOSCOW SUMMIT, THE WAY AHEAD WITH RUSIA",Source Lead,state-foia,nato-russia; nac-usnato; architecture; strobe-hard-gap,https://foia.state.gov/DOCUMENTS/FOIA_L_July2022/FL-2017-13804/DOC_0C09000060/C09000060.pdf,https://foia.state.gov/DOCUMENTS/FOIA_L_July2022/FL-2017-13804/DOC_0C09000060/C09000060.pdf,"Source: Department of State, FOIA Virtual Reading Room, Strobe Talbott FOIA release, Release July 2022, Document C09000060. Unclassified."
89,547,554,2000-06-08,8,DEPUTY SECRETARY BRIEFS THE NAC ON MOSCOW SUMMIT,Source Lead,state-foia,nato-russia; nac-usnato; architecture; strobe-hard-gap,https://foia.state.gov/DOCUMENTS/FOIA_L_July2022/FL-2017-13804/DOC_0C09000063/C09000063.pdf,https://foia.state.gov/DOCUMENTS/FOIA_L_July2022/FL-2017-13804/DOC_0C09000063/C09000063.pdf,"Source: Department of State, FOIA Virtual Reading Room, Strobe Talbott FOIA release, Release July 2022, Document C09000063. Unclassified."
90,555,557,1995-02-15,3,Ukrainian Views on NATO Expansion; Ukraine and PFP,Cable,clinton-library-mdr,nato-expansion; pfp; candidate-states; nsc-soc,https://clinton.presidentiallibraries.us/items/show/101829,https://clinton.presidentiallibraries.us/files/original/1fbacf781cad23434c0c3e3f52367c90.pdf,"Source: Clinton Presidential Records, NSC Cables, Mandatory Declassification Review 2015-0792-M, Clinton Digital Library PDF pages 24-26. Confidential."
91,558,561,1995-06-12,4,Your Meeting with Yeltsin in Halifax,ME,state-foia,nato-expansion; nato-russia; architecture; cfe-osce; nsc-soc,https://foia.state.gov/DOCUMENTS/FOIA_L_Jan2021_C/F-2017-13804/DOC_0C06835149/C06835149.pdf,https://foia.state.gov/DOCUMENTS/FOIA_L_Jan2021_C/F-2017-13804/DOC_0C06835149/C06835149.pdf,"Source: Department of State, FOIA Virtual Reading Room, Case F-2017-13804, Doc No. C06835149. UNSPECIFIED IN SOURCE."
92,562,583,1996-09-11,22,PARIS ST-MAMEDOV,MI,state-foia,nato-expansion; nato-russia; architecture; cfe-osce; nsc-soc,https://foia.state.gov/DOCUMENTS/FOIA_Jul2019_2020/F-2017-13804/DOC_0C06698220/C06698220.pdf,https://foia.state.gov/DOCUMENTS/FOIA_Jul2019_2020/F-2017-13804/DOC_0C06698220/C06698220.pdf,"Source: Department of State, FOIA Virtual Reading Room, Case F-2017-13804, Doc No. C06698220. RELEASE IN FULL."
93,584,594,1997-03-13,11,"SECRETARY'S MEETING WITH JOHN MAJOR, BRITISH PRIME MINISTER, LONDON, FEBRUARY 19, 1997",TE,state-foia,nato-expansion; nato-russia; architecture; cfe-osce; nsc-soc,https://foia.state.gov/DOCUMENTS/FOIA_Aug2019_2020/F-2017-13804/DOC_0C06703421/C06703421.pdf,https://foia.state.gov/DOCUMENTS/FOIA_Aug2019_2020/F-2017-13804/DOC_0C06703421/C06703421.pdf,"Source: Department of State, FOIA Virtual Reading Room, Case F-2017-13804, Doc No. C06703421. RELEASE IN FULL."
94,595,598,1997-12-17,4,Strategy for Completing Ratification of NATO Enlargement,Presidential action memorandum,clinton-library-mdr,nato-expansion; ratification; candidate-states; nsc-soc,https://clinton.presidentiallibraries.us/items/show/57563,https://clinton.presidentiallibraries.us/files/original/369537c192017e6b05f68d908f1a75e8.pdf,"Source: Clinton Presidential Records, NSC Cable, Email, and Records Management System, Mandatory Declassification Review 2015-0755-M, Clinton Digital Library PDF pages 303-306."
95,599,604,1994-09-11,6,"September 11, 1994 Letter to Chris",GC,state-foia,nato-expansion; pfp; cfe-osce; candidate-states; nsc-soc,https://foia.state.gov/DOCUMENTS/FOIA_L_Jan2022V2/F-2017-13804/DOC_0C09000146/C09000146.pdf,https://foia.state.gov/DOCUMENTS/FOIA_L_Jan2022V2/F-2017-13804/DOC_0C09000146/C09000146.pdf,"Source: Department of State, FOIA Virtual Reading Room, Case F-2017-13804, Doc No. C09000146. RELEASE IN FULL."
96,605,610,1996-07-01,6,"MEETING WITH PRESIDENTS MERI OF ESTONIA, ULMANIS OF LATVIA AND BRAZAUSKAS OF LITHUANIA",TE,state-foia,nato-expansion; pfp; cfe-osce; candidate-states; nsc-soc,https://foia.state.gov/DOCUMENTS/FOIA_Jul2019_2020/F-2017-13804/DOC_0C06698302/C06698302.pdf,https://foia.state.gov/DOCUMENTS/FOIA_Jul2019_2020/F-2017-13804/DOC_0C06698302/C06698302.pdf,"Source: Department of State, FOIA Virtual Reading Room, Case F-2017-13804, Doc No. C06698302. RELEASE IN FULL."
97,611,612,1997-04-15,2,Inviting Partners to Madrid,NSC information memorandum,clinton-library-mdr,madrid-summit; nato-russia; pfp; nsc-soc,https://clinton.presidentiallibraries.us/items/show/101137,https://clinton.presidentiallibraries.us/files/original/daba4e1e86126f7392f28f4619aa711a.pdf,"Source: Clinton Presidential Records, NSC Cable, Email, and Records Management System, Mandatory Declassification Review 2015-0772-M, Clinton Digital Library PDF pages 389-390. Secret."
98,613,625,1996-08-28,13,HERE'S A REPORT ON MY SESSION WITH MAMEDOV IN OTTAWA,GC,state-foia,nato-expansion; nato-russia; nac-usnato; cfe-osce; candidate-states,https://foia.state.gov/DOCUMENTS/FOIA_Jul2019_2020/F-2017-13804/DOC_0C06698213/C06698213.pdf,https://foia.state.gov/DOCUMENTS/FOIA_Jul2019_2020/F-2017-13804/DOC_0C06698213/C06698213.pdf,"Source: Department of State, FOIA Virtual Reading Room, Case F-2017-13804, Doc No. C06698213. RELEASE IN FULL."
99,626,629,1997-01-01,4,Additional Elements on CFE for NATO-Russia Document w/Attachment(s),Source Lead,state-foia,nato-russia; architecture; cfe-osce; strobe-hard-gap,https://foia.state.gov/DOCUMENTS/FOIA_L_July2024/FL-2017-13804/DOC_0C09000039/C09000039.pdf,https://foia.state.gov/DOCUMENTS/FOIA_L_July2024/FL-2017-13804/DOC_0C09000039/C09000039.pdf,"Source: Department of State, FOIA Virtual Reading Room, Strobe Talbott FOIA release, Release July 2024, Document C09000039. Unclassified."
100,630,631,1997-01-01,2,Precis of Russian-CFE Counter-Proposal,Source Lead,state-foia,nato-russia; architecture; cfe-osce; strobe-hard-gap,https://foia.state.gov/DOCUMENTS/FOIA_L_July2024/FL-2017-13804/DOC_0C09000043/C09000043.pdf,https://foia.state.gov/DOCUMENTS/FOIA_L_July2024/FL-2017-13804/DOC_0C09000043/C09000043.pdf,"Source: Department of State, FOIA Virtual Reading Room, Strobe Talbott FOIA release, Release July 2024, Document C09000043. Unclassified."
101,632,633,1997-04-10,2,Checklist For GEM 4/10/97,Source Lead,state-foia,nato-russia; architecture; cfe-osce; strobe-hard-gap,https://foia.state.gov/DOCUMENTS/FOIA_L_July2024/FL-2017-13804/DOC_0C09000044/C09000044.pdf,https://foia.state.gov/DOCUMENTS/FOIA_L_July2024/FL-2017-13804/DOC_0C09000044/C09000044.pdf,"Source: Department of State, FOIA Virtual Reading Room, Strobe Talbott FOIA release, Release July 2024, Document C09000044. Unclassified."
102,634,636,1993-07-16,3,NACC Summit,NSC information memorandum,clinton-library-mdr,nato-expansion; pfp; cfe-osce; nsc-soc,https://clinton.presidentiallibraries.us/items/show/57563,https://clinton.presidentiallibraries.us/files/original/369537c192017e6b05f68d908f1a75e8.pdf,"Source: Clinton Presidential Records, NSC Cable, Email, and Records Management System, Mandatory Declassification Review 2015-0755-M, Clinton Digital Library PDF pages 7-9. Confidential."
103,637,641,1994-09-12,5,THE FUTURE OF EUROPEAN SECURITY,ME,state-foia,nato-expansion; pfp; architecture; cfe-osce; nsc-soc,https://foia.state.gov/DOCUMENTS/FOIA_L_Jan2022V2/F-2017-13804/DOC_0C09000145/C09000145.pdf,https://foia.state.gov/DOCUMENTS/FOIA_L_Jan2022V2/F-2017-13804/DOC_0C09000145/C09000145.pdf,"Source: Department of State, FOIA Virtual Reading Room, Case F-2017-13804, Doc No. C09000145. RELEASE IN FULL."
104,642,646,1996-08-28,5,DEPUTY SECRETARY TALBOTT'S AUGUST 27 MEETING WITH CANADIAN ACTING FOREIGN MINISTER SMITH,TE,state-foia,nato-expansion; nato-russia; architecture; cfe-osce; candidate-states,https://foia.state.gov/DOCUMENTS/FOIA_Jul2019_2020/F-2017-13804/DOC_0C06698315/C06698315.pdf,https://foia.state.gov/DOCUMENTS/FOIA_Jul2019_2020/F-2017-13804/DOC_0C06698315/C06698315.pdf,"Source: Department of State, FOIA Virtual Reading Room, Case F-2017-13804, Doc No. C06698315. RELEASE IN FULL."
105,647,650,1996-10-12,4,CONVERSATION BETWEEN THE DEPUTY SECRETARY AND HUNGARIAN MOD DEPUTY STATE SECRETARY ISTVAN GYARMATI,TE,state-foia,nato-expansion; nato-russia; architecture; cfe-osce; candidate-states,https://foia.state.gov/DOCUMENTS/FOIA_Aug2019_2020/F-2017-13804/DOC_0C06698803/C06698803.pdf,https://foia.state.gov/DOCUMENTS/FOIA_Aug2019_2020/F-2017-13804/DOC_0C06698803/C06698803.pdf,"Source: Department of State, FOIA Virtual Reading Room, Case F-2017-13804, Doc No. C06698803. RELEASE IN FULL."
106,651,657,1996-10-25,7,OFFICIAL INFORMAL,TE,state-foia,nato-expansion; nato-russia; architecture; cfe-osce; candidate-states,https://foia.state.gov/DOCUMENTS/FOIA_Aug2019_2020/F-2017-13804/DOC_0C06698818/C06698818.pdf,https://foia.state.gov/DOCUMENTS/FOIA_Aug2019_2020/F-2017-13804/DOC_0C06698818/C06698818.pdf,"Source: Department of State, FOIA Virtual Reading Room, Case F-2017-13804, Doc No. C06698818. RELEASE IN FULL."
107,658,660,1997-03-18,3,DEPUTY SECRETARY'S CONVERSATION WITH NATO SYG SOLANA,TE,state-foia,nato-expansion; nato-russia; nac-usnato; architecture; cfe-osce,https://foia.state.gov/DOCUMENTS/FOIA_Aug2019_2020/F-2017-13804/DOC_0C06702908/C06702908.pdf,https://foia.state.gov/DOCUMENTS/FOIA_Aug2019_2020/F-2017-13804/DOC_0C06702908/C06702908.pdf,"Source: Department of State, FOIA Virtual Reading Room, Case F-2017-13804, Doc No. C06702908. RELEASE IN PART."
108,661,664,2000-03-14,4,"Acting Secretary's March 6, 2000 meeting with Latvian FM Berzins",TE,state-foia,nato-expansion; open-door-map; nac-usnato; cfe-osce; candidate-states,https://foia.state.gov/DOCUMENTS/FOIA_L_Dec2020_C/F-2017-13804/DOC_0C06814976/C06814976.pdf,https://foia.state.gov/DOCUMENTS/FOIA_L_Dec2020_C/F-2017-13804/DOC_0C06814976/C06814976.pdf,"Source: Department of State, FOIA Virtual Reading Room, Case F-2017-13804, Doc No. C06814976. UNSPECIFIED IN SOURCE."
109,665,666,1993-10,2,Phased NATO Expansion: Draft Declaration Language,Draft declaration language,clinton-library-mdr,nato-expansion; cfe-osce; candidate-states; nsc-soc,https://clinton.presidentiallibraries.us/items/show/118449,https://clinton.presidentiallibraries.us/files/original/30a20581e145dde08f2fa55c745c04f2.pdf,"Source: Clinton Presidential Records, NSC Records Management, PC0037 PC Meeting on NATO Summit, October 18, 1993, Mandatory Declassification Review 2015-0768-M, Clinton Digital Library, PDF pages 19-20. Confidential."
110,667,668,1993-06-30,2,NATO Summit,NSC action memorandum,clinton-library-mdr,nato-expansion; nato-russia; nsc-soc,https://clinton.presidentiallibraries.us/items/show/101137,https://clinton.presidentiallibraries.us/files/original/daba4e1e86126f7392f28f4619aa711a.pdf,"Source: Clinton Presidential Records, NSC Cable, Email, and Records Management System, Mandatory Declassification Review 2015-0772-M, Clinton Digital Library PDF pages 8-9. Confidential."
111,669,671,1994-10-18,3,"NESA (that's ""New European Security Architecture"")",ME,state-foia,nato-expansion; architecture; cfe-osce; candidate-states; nsc-soc,https://foia.state.gov/DOCUMENTS/FOIA_L_Jan2022V2/F-2017-13804/DOC_0C09000154/C09000154.pdf,https://foia.state.gov/DOCUMENTS/FOIA_L_Jan2022V2/F-2017-13804/DOC_0C09000154/C09000154.pdf,"Source: Department of State, FOIA Virtual Reading Room, Case F-2017-13804, Doc No. C09000154. RELEASE IN FULL."
112,672,673,1995-03,2,Possible Content of a Letter from the Russian Side,Translation,clinton-library-mdr,nato-expansion; nato-russia; nsc-soc,https://clinton.presidentiallibraries.us/items/show/118449,https://clinton.presidentiallibraries.us/files/original/30a20581e145dde08f2fa55c745c04f2.pdf,"Source: Clinton Presidential Records, NSC Records Management, DC0180 DC Meeting on NATO Expansion and NATO-Russia Relations, March 8, 1995, Mandatory Declassification Review 2015-0768-M, Clinton Digital Library, PDF pages 79-80. Secret."
113,674,679,1995-04-03,6,Elements of a NATO-Russia Relationship,Options paper,clinton-library-mdr,nato-expansion; nato-russia; nsc-soc,https://clinton.presidentiallibraries.us/items/show/118449,https://clinton.presidentiallibraries.us/files/original/30a20581e145dde08f2fa55c745c04f2.pdf,"Source: Clinton Presidential Records, NSC Records Management, DC0193 DC Meeting on NATO Expansion and NATO-Russia Relations, April 4, 1995, Mandatory Declassification Review 2015-0768-M, Clinton Digital Library, PDF pages 84-89. Confidential."
114,680,684,1996-09-07,5,ACTING SECRETARY BRIEFS BALTICS ON ACTION PLAN,TE,state-foia,nato-expansion; architecture; cfe-osce; candidate-states; nsc-soc,https://foia.state.gov/DOCUMENTS/FOIA_Jul2019_2020/F-2017-13804/DOC_0C06698268/C06698268.pdf,https://foia.state.gov/DOCUMENTS/FOIA_Jul2019_2020/F-2017-13804/DOC_0C06698268/C06698268.pdf,"Source: Department of State, FOIA Virtual Reading Room, Case F-2017-13804, Doc No. C06698268. RELEASE IN FULL."
115,685,691,1997-03-11,7,OFFICIAL INFORMAL: TALBOTT/ISCHINGER CONVERSATION,TE,state-foia,madrid-summit; nato-russia; nac-usnato; cfe-osce; nsc-soc,https://foia.state.gov/DOCUMENTS/FOIA_Aug2019_2020/F-2017-13804/DOC_0C06703066/C06703066.pdf,https://foia.state.gov/DOCUMENTS/FOIA_Aug2019_2020/F-2017-13804/DOC_0C06703066/C06703066.pdf,"Source: Department of State, FOIA Virtual Reading Room, Case F-2017-13804, Doc No. C06703066. RELEASE IN FULL."
116,692,697,1997-03-12,6,"DEPUTY SECRETARY'S MEETING WITH GERMANY POLITICAL DIRECTOR, PARIS, MARCH 4",TE,state-foia,madrid-summit; nato-russia; nac-usnato; cfe-osce; nsc-soc,https://foia.state.gov/DOCUMENTS/FOIA_Aug2019_2020/F-2017-13804/DOC_0C06703345/C06703345.pdf,https://foia.state.gov/DOCUMENTS/FOIA_Aug2019_2020/F-2017-13804/DOC_0C06703345/C06703345.pdf,"Source: Department of State, FOIA Virtual Reading Room, Case F-2017-13804, Doc No. C06703345. RELEASE IN FULL."
117,698,703,1997-03-15,6,"SECRETARY ALBRIGHT'S LUNCH MEETING WITH FM PRIMAKOV: DEPARTMENT OF STATE DINING ROOM, WASHINGTON, DC, MARCH 15, 1997",ME,state-foia,nato-expansion; architecture; cfe-osce; candidate-states; nsc-soc,https://foia.state.gov/DOCUMENTS/FOIA_Aug2019_2020/F-2017-13804/DOC_0C06702890/C06702890.pdf,https://foia.state.gov/DOCUMENTS/FOIA_Aug2019_2020/F-2017-13804/DOC_0C06702890/C06702890.pdf,"Source: Department of State, FOIA Virtual Reading Room, Case F-2017-13804, Doc No. C06702890. RELEASE IN FULL."
118,704,706,1998-01-26,3,NATO-Russia Relations,Issue paper,clinton-library-mdr,nato-expansion; nato-russia; nsc-soc,https://clinton.presidentiallibraries.us/items/show/49412,https://clinton.presidentiallibraries.us/files/original/2f760ad25ed4dba1ca8256c93c6cf7f0.pdf,"Source: Clinton Presidential Records, White House Staff and Office Files, Mandatory Declassification Review 2013-0804-M, Clinton Digital Library PDF pages 24-26. Confidential."
119,707,724,1994-12-11,18,Dealing with Russia,ME,state-foia,nato-expansion; pfp; nac-usnato; cfe-osce; candidate-states,https://foia.state.gov/DOCUMENTS/FOIA_L_Jan2022V2/F-2017-13804/DOC_0C09000137/C09000137.pdf,https://foia.state.gov/DOCUMENTS/FOIA_L_Jan2022V2/F-2017-13804/DOC_0C09000137/C09000137.pdf,"Source: Department of State, FOIA Virtual Reading Room, Case F-2017-13804, Doc No. C09000137. RELEASE IN FULL."
120,725,729,1997-01-01,5,ST notes on Kissinger piece,Source Lead,state-foia,nato-russia; nac-usnato; strobe-hard-gap,https://foia.state.gov/DOCUMENTS/FOIA_L_Feb2024/FL-2017-13804/DOC_0C09000122/C09000122.pdf,https://foia.state.gov/DOCUMENTS/FOIA_L_Feb2024/FL-2017-13804/DOC_0C09000122/C09000122.pdf,"Source: Department of State, FOIA Virtual Reading Room, Strobe Talbott FOIA release, Release February 2024, Document C09000122. Unclassified."
121,730,735,1999-04-29,6,NAC INTERVENTION 4/29/99,Source Lead,state-foia,nato-russia; nac-usnato; strobe-hard-gap,https://foia.state.gov/DOCUMENTS/FOIA_L_June2024/FL-2017-13804/DOC_0C09000017/C09000017.pdf,https://foia.state.gov/DOCUMENTS/FOIA_L_June2024/FL-2017-13804/DOC_0C09000017/C09000017.pdf,"Source: Department of State, FOIA Virtual Reading Room, Strobe Talbott FOIA release, Release June 2024, Document C09000017. Unclassified."
122,736,737,1993-10-19,2,NSC Memos for Meeting with Secretary Christopher,White House cover memorandum,clinton-library-mdr,nato-russia; pfp; candidate-states; nsc-soc,https://clinton.presidentiallibraries.us/items/show/101137,https://clinton.presidentiallibraries.us/files/original/daba4e1e86126f7392f28f4619aa711a.pdf,"Source: Clinton Presidential Records, NSC Cable, Email, and Records Management System, Mandatory Declassification Review 2015-0772-M, Clinton Digital Library PDF pages 24-25."
123,738,741,1994-01-07,4,Prime Minister's Agenda for President's Visit to Prague,Cable,clinton-library-mdr,nato-russia; pfp; candidate-states; nsc-soc,https://www.clintonlibrary.gov/sites/default/files/finding_aids_a_z/2026-02/2024-0540-M.pdf,https://www.clintonlibrary.gov/sites/default/files/finding_aids_a_z/2026-02/2024-0540-M.pdf,"Source: Clinton Presidential Records, Mandatory Declassification Review 2024-0540-M, Clinton Library PDF pages 60-63. Confidential."
124,742,749,1994-01-14,8,Czechs Give PFP an Enthusiastic Reception During Albright/Shalikashvili Visit,Cable,clinton-library-mdr,nato-russia; pfp; candidate-states; nsc-soc,https://www.clintonlibrary.gov/sites/default/files/finding_aids_a_z/2026-02/2024-0540-M.pdf,https://www.clintonlibrary.gov/sites/default/files/finding_aids_a_z/2026-02/2024-0540-M.pdf,"Source: Clinton Presidential Records, Mandatory Declassification Review 2024-0540-M, Clinton Library PDF pages 68-75. Confidential."
125,750,756,1994-01-26,7,PFP and Central and Eastern Europe,Presidential mission memorandum,clinton-library-mdr,nato-russia; pfp; candidate-states; nsc-soc,https://clinton.presidentiallibraries.us/items/show/57563,https://clinton.presidentiallibraries.us/files/original/369537c192017e6b05f68d908f1a75e8.pdf,"Source: Clinton Presidential Records, NSC Cable, Email, and Records Management System, Mandatory Declassification Review 2015-0755-M, Clinton Digital Library PDF pages 44-50. Secret."
126,757,763,1997-03-07,7,TALBOTT/CHUBAYS MEETING MARCH 6,TE,state-foia,nato-expansion; nato-russia; cfe-osce; nsc-soc,https://foia.state.gov/DOCUMENTS/FOIA_Aug2019_2020/F-2017-13804/DOC_0C06702859/C06702859.pdf,https://foia.state.gov/DOCUMENTS/FOIA_Aug2019_2020/F-2017-13804/DOC_0C06702859/C06702859.pdf,"Source: Department of State, FOIA Virtual Reading Room, Case F-2017-13804, Doc No. C06702859. RELEASE IN FULL."
127,764,767,1994-10-21,4,THE DEPUTY SECRETARY'S OCTOBER 19 MEETING WITH FCO MINISTER OF STATE DAVID DAVIS,TE,state-foia,nato-expansion; pfp; architecture; cfe-osce; candidate-states,https://foia.state.gov/DOCUMENTS/FOIA_Jun2019_2020/F-2017-13804/DOC_0C06694673/C06694673.pdf,https://foia.state.gov/DOCUMENTS/FOIA_Jun2019_2020/F-2017-13804/DOC_0C06694673/C06694673.pdf,"Source: Department of State, FOIA Virtual Reading Room, Case F-2017-13804, Doc No. C06694673. RELEASE IN FULL."
128,768,773,1996-04-17,6,THE DEPUTY SECRETARY MEETS SPD CHAIRMAN LAFONTA1 NE,TE,state-foia,nato-expansion; pfp; architecture; cfe-osce; candidate-states,https://foia.state.gov/DOCUMENTS/FOIA_Jun2019_2020/F-2017-13804/DOC_0C06697977/C06697977.pdf,https://foia.state.gov/DOCUMENTS/FOIA_Jun2019_2020/F-2017-13804/DOC_0C06697977/C06697977.pdf,"Source: Department of State, FOIA Virtual Reading Room, Case F-2017-13804, Doc No. C06697977. RELEASE IN FULL."
129,774,784,1994-01-13,11,"President's dinner with President Yeltsin, January 13/14, 1994",Memcon,clinton-digital-library,nato-russia; pfp; candidate-states; nsc-soc,https://clinton.presidentiallibraries.us/items/show/101370,https://clinton.presidentiallibraries.us/files/original/c016beef71be071cd9c96fcf0972fd57.pdf,"Source: William J. Clinton Presidential Library, Clinton Digital Library item 101370, ""Memorandum of Conversation - President Boris Yeltsin of Russia,"" January 13, 1994, part of 2016-0117-M, Memcons - Memoranda of Conversation. Item description: ""This Memcon was received as a NSC Cable."" Source PDF label: ""69 Memcon Cable President Boris Yeltsin of Russia (not really a memcon) Jan 13 1994.pdf."". Secret."
130,785,788,1996-05-14,4,DEPUTY SECRETARY'S MEETING WITH SLOVENIAN PM DRNOVSEK,TE,state-foia,nato-expansion; pfp; nac-usnato; nsc-soc,https://foia.state.gov/DOCUMENTS/FOIA_Jun2019_2020/F-2017-13804/DOC_0C06697839/C06697839.pdf,https://foia.state.gov/DOCUMENTS/FOIA_Jun2019_2020/F-2017-13804/DOC_0C06697839/C06697839.pdf,"Source: Department of State, FOIA Virtual Reading Room, Case F-2017-13804, Doc No. C06697839. RELEASE IN FULL."
131,789,795,1996-07-16,7,MEMORANDUM OF CONVERSATION WITH PRESIDENT KWASNIESKI OF POLAND,TE,state-foia,nato-expansion; pfp; candidate-states; nsc-soc,https://foia.state.gov/DOCUMENTS/FOIA_Jul2019_2020/F-2017-13804/DOC_0C06698307/C06698307.pdf,https://foia.state.gov/DOCUMENTS/FOIA_Jul2019_2020/F-2017-13804/DOC_0C06698307/C06698307.pdf,"Source: Department of State, FOIA Virtual Reading Room, Case F-2017-13804, Doc No. C06698307. RELEASE IN FULL."
132,796,800,1996-10-07,5,"DEPUTY SECRETARY EXPLAINS U.S. CONCERNS TO BELARUSIAN FOREIGN MINISTER SENKO, OCTOBER 3, 1996",TE,state-foia,nato-expansion; open-door-map; architecture; nsc-soc,https://foia.state.gov/DOCUMENTS/FOIA_Aug2019_2020/F-2017-13804/DOC_0C06698741/C06698741.pdf,https://foia.state.gov/DOCUMENTS/FOIA_Aug2019_2020/F-2017-13804/DOC_0C06698741/C06698741.pdf,"Source: Department of State, FOIA Virtual Reading Room, Case F-2017-13804, Doc No. C06698741. RELEASE IN FULL."
133,801,805,1994-12-05,5,"December 5, 1994 Letter From Strobe To Chris",GC,state-foia,nato-expansion; open-door-map; pfp; candidate-states,https://foia.state.gov/DOCUMENTS/FOIA_L_Jan2022V2/F-2017-13804/DOC_0C09000138/C09000138.pdf,https://foia.state.gov/DOCUMENTS/FOIA_L_Jan2022V2/F-2017-13804/DOC_0C09000138/C09000138.pdf,"Source: Department of State, FOIA Virtual Reading Room, Case F-2017-13804, Doc No. C09000138. RELEASE IN FULL."
134,806,814,1994-12-19,9,The Vice President's Trip to Russia,ME,state-foia,nato-expansion; nato-russia; nac-usnato; candidate-states,https://foia.state.gov/DOCUMENTS/FOIA_L_Jan2022V2/F-2017-13804/DOC_0C09000148/C09000148.pdf,https://foia.state.gov/DOCUMENTS/FOIA_L_Jan2022V2/F-2017-13804/DOC_0C09000148/C09000148.pdf,"Source: Department of State, FOIA Virtual Reading Room, Case F-2017-13804, Doc No. C09000148. RELEASE IN FULL."
135,815,820,1996-10-01,6,CONVERSATION BETWEEN THE DEPUTY SECRETARY AND SLOVEN IAN FOEIGN MINISTER KRACUN,TE,state-foia,nato-expansion; nato-russia; nac-usnato; candidate-states,https://foia.state.gov/DOCUMENTS/FOIA_Aug2019_2020/F-2017-13804/DOC_0C06698772/C06698772.pdf,https://foia.state.gov/DOCUMENTS/FOIA_Aug2019_2020/F-2017-13804/DOC_0C06698772/C06698772.pdf,"Source: Department of State, FOIA Virtual Reading Room, Case F-2017-13804, Doc No. C06698772. RELEASE IN FULL."
136,821,824,1997-03-11,4,NATO/RUSSIA: DEPUTY SECRETARY'S MARCH 10 CONVERSATION WITH UK FRG POLDIRS,TE,state-foia,madrid-summit; nato-russia; nac-usnato; architecture; candidate-states,https://foia.state.gov/DOCUMENTS/FOIA_Aug2019_2020/F-2017-13804/DOC_0C06702850/C06702850.pdf,https://foia.state.gov/DOCUMENTS/FOIA_Aug2019_2020/F-2017-13804/DOC_0C06702850/C06702850.pdf,"Source: Department of State, FOIA Virtual Reading Room, Case F-2017-13804, Doc No. C06702850. RELEASE IN PART."
137,825,832,1994-01,8,Your Plenary Lunch with Visegrad Leaders,Presidential meeting brief,clinton-library-mdr,nato-expansion; pfp; nsc-soc,https://www.clintonlibrary.gov/sites/default/files/finding_aids_a_z/2026-02/2024-0540-M.pdf,https://www.clintonlibrary.gov/sites/default/files/finding_aids_a_z/2026-02/2024-0540-M.pdf,"Source: Clinton Presidential Records, Mandatory Declassification Review 2024-0540-M, Clinton Library PDF pages 21-28. Confidential."
138,833,834,1994-01-12,2,Background: Business-Related Event at K-Mart,Briefing paper,nara-catalog,nato-expansion; pfp; nsc-soc,https://catalog.archives.gov/id/368557013,https://s3.us-east-1.amazonaws.com/NARAprodstorage/lz/presidential-libraries/clinton/7585709/7585709-20170413F-002-008-2024.pdf,"Source: National Archives Catalog, Briefing Books - POTUS Trip to Prague, Czech Republic, January 11-12, 1994, NAID 368557013, PDF pages 37-38. Confidential."
139,835,839,1996-07-30,5,"DEPUTY SECRETARY REVIEWS SECURITY, ECONOMIC ISSUES WITH UKRAINIAN FOREIGN MINISTER, JULY 26, 1996",TE,state-foia,nato-expansion; nac-usnato; candidate-states; nsc-soc,https://foia.state.gov/DOCUMENTS/FOIA_Jul2019_2020/F-2017-13804/DOC_0C06698247/C06698247.pdf,https://foia.state.gov/DOCUMENTS/FOIA_Jul2019_2020/F-2017-13804/DOC_0C06698247/C06698247.pdf,"Source: Department of State, FOIA Virtual Reading Room, Case F-2017-13804, Doc No. C06698247. RELEASE IN FULL."
140,840,844,1997-02-08,5,THE DEPUTY SECRETARY'S FEBRUARY 5 MEETING WITH GERMAN MFA STATE MINISTER WERNER HOYER,TE,state-foia,nato-expansion; nato-russia; architecture; candidate-states,https://foia.state.gov/DOCUMENTS/FOIA_Aug2019_2020/F-2017-13804/DOC_0C06702847/C06702847.pdf,https://foia.state.gov/DOCUMENTS/FOIA_Aug2019_2020/F-2017-13804/DOC_0C06702847/C06702847.pdf,"Source: Department of State, FOIA Virtual Reading Room, Case F-2017-13804, Doc No. C06702847. RELEASE IN FULL."
141,845,847,1997-03-17,3,DEPUTY SECRETARY'S CONVERSATION WITH NATO SYG SOLANA,TE,state-foia,nato-expansion; nato-russia; nac-usnato; architecture,https://foia.state.gov/DOCUMENTS/FOIA_Aug2019_2020/F-2017-13804/DOC_0C06702882/C06702882.pdf,https://foia.state.gov/DOCUMENTS/FOIA_Aug2019_2020/F-2017-13804/DOC_0C06702882/C06702882.pdf,"Source: Department of State, FOIA Virtual Reading Room, Case F-2017-13804, Doc No. C06702882. RELEASE IN PART."
142,848,851,2000-05-04,4,Deputy Secretary's meeting with Lithuanian Foreign Minister Saudargas,TE,state-foia,nato-expansion; open-door-map; nac-usnato; candidate-states,https://foia.state.gov/DOCUMENTS/FOIA_L_Dec2020_C/F-2017-13804/DOC_0C06815091/C06815091.pdf,https://foia.state.gov/DOCUMENTS/FOIA_L_Dec2020_C/F-2017-13804/DOC_0C06815091/C06815091.pdf,"Source: Department of State, FOIA Virtual Reading Room, Case F-2017-13804, Doc No. C06815091. UNSPECIFIED IN SOURCE."
143,852,855,1993-04-14,4,Havel's Upcoming Meeting with the President: Security Issues on the Agenda,Cable,clinton-library-mdr,nato-russia; architecture; candidate-states; nsc-soc,https://www.clintonlibrary.gov/sites/default/files/finding_aids_a_z/2026-02/2024-0540-M.pdf,https://www.clintonlibrary.gov/sites/default/files/finding_aids_a_z/2026-02/2024-0540-M.pdf,"Source: Clinton Presidential Records, Mandatory Declassification Review 2024-0540-M, Clinton Library PDF pages 38-41. Confidential."
144,856,856,1993-09-13,1,Effects of Expanding Membership on NATO Military Activities,List,clinton-library-mdr,nato-expansion; candidate-states; nsc-soc,https://clinton.presidentiallibraries.us/items/show/118449,https://clinton.presidentiallibraries.us/files/original/30a20581e145dde08f2fa55c745c04f2.pdf,"Source: Clinton Presidential Records, NSC Records Management, DC0056 DC Meeting on NATO Summit, 1993, Mandatory Declassification Review 2015-0768-M, Clinton Digital Library, PDF page 61. Confidential."
145,857,858,1998-01-22,2,Ratification of NATO Enlargement,Issue paper,clinton-library-mdr,nato-expansion; candidate-states; nsc-soc,https://clinton.presidentiallibraries.us/items/show/49412,https://clinton.presidentiallibraries.us/files/original/2f760ad25ed4dba1ca8256c93c6cf7f0.pdf,"Source: Clinton Presidential Records, White House Staff and Office Files, Mandatory Declassification Review 2013-0804-M, Clinton Digital Library PDF pages 19-20. Confidential."
146,859,862,2000-11-09,4,A Steady Foreign Policy and the Promise of Reforms Mark the New Government Program in Lithuania,Cable,nara-catalog,nato-expansion; candidate-states; nsc-soc,https://catalog.archives.gov/id/23902170,https://s3.us-east-1.amazonaws.com/NARAprodstorage/lz/presidential-libraries/clinton/wjc-nscea/7585471/42-t-7585471-20111038F-002-019-2015.pdf,"Source: National Archives Catalog, Records of the National Security Council European Affairs Office (Clinton Administration), Antony Blinken's Files, Lithuania - Meeting with Deputy Foreign Minister Usackas, November 13, 2000, NAID 23902170, PDF pages 8-11. Confidential."
147,863,869,1996-12-02,7,THE VICE PRESIDENT'S MEETING WITH RUSSIAN PRIME MINISTER VIKTOR CHERNOMYRIDN,ME,state-foia,nato-expansion; nato-russia; cfe-osce; candidate-states,https://foia.state.gov/DOCUMENTS/FOIA_Aug2019_2020/F-2017-13804/DOC_0C06699015/C06699015.pdf,https://foia.state.gov/DOCUMENTS/FOIA_Aug2019_2020/F-2017-13804/DOC_0C06699015/C06699015.pdf,"Source: Department of State, FOIA Virtual Reading Room, Case F-2017-13804, Doc No. C06699015. RELEASE IN FULL."
148,870,873,1997-01-09,4,MEMORANDUM OF CONVERSATION BETWEEN VICE PRESIDENT GORE AND FRENCH PRESIDENT JACQUES CHIRAC,TE,state-foia,nato-expansion; nato-russia; nac-usnato; cfe-osce,https://foia.state.gov/DOCUMENTS/FOIA_Aug2019_2020/F-2017-13804/DOC_0C06698865/C06698865.pdf,https://foia.state.gov/DOCUMENTS/FOIA_Aug2019_2020/F-2017-13804/DOC_0C06698865/C06698865.pdf,"Source: Department of State, FOIA Virtual Reading Room, Case F-2017-13804, Doc No. C06698865. RELEASE IN FULL."
149,874,876,1997-01-09,3,MEMORANDUM OF CONVERSATION BETWEEN VICE PRESIDENT GORE AND GERMAN CHANCELLOR HELMUT KOHL,TE,state-foia,nato-expansion; nato-russia; cfe-osce; candidate-states,https://foia.state.gov/DOCUMENTS/FOIA_Aug2019_2020/F-2017-13804/DOC_0C06698881/C06698881.pdf,https://foia.state.gov/DOCUMENTS/FOIA_Aug2019_2020/F-2017-13804/DOC_0C06698881/C06698881.pdf,"Source: Department of State, FOIA Virtual Reading Room, Case F-2017-13804, Doc No. C06698881. RELEASE IN FULL."
150,877,881,1997-01-09,5,MEMORANDUM OF CONVERSATION BETWEEN VICE PRESIDENT GORE AND RUSSIAN PRIME MINISTER VIKTOR STEPANOVICH CHERNOMYRID,TE,state-foia,nato-expansion; nato-russia; cfe-osce; candidate-states,https://foia.state.gov/DOCUMENTS/FOIA_Aug2019_2020/F-2017-13804/DOC_0C06698875/C06698875.pdf,https://foia.state.gov/DOCUMENTS/FOIA_Aug2019_2020/F-2017-13804/DOC_0C06698875/C06698875.pdf,"Source: Department of State, FOIA Virtual Reading Room, Case F-2017-13804, Doc No. C06698875. RELEASE IN FULL."
151,882,884,1994-12-16,3,DECEMBER 15 TALBOTT-RYURIKOV MEETING ON,TE,state-foia,nato-expansion; nac-usnato; architecture; nsc-soc,https://foia.state.gov/DOCUMENTS/FOIA_Jun2019_2020/F-2017-13804/DOC_0C06694734/C06694734.pdf,https://foia.state.gov/DOCUMENTS/FOIA_Jun2019_2020/F-2017-13804/DOC_0C06694734/C06694734.pdf,"Source: Department of State, FOIA Virtual Reading Room, Case F-2017-13804, Doc No. C06694734. RELEASE IN FULL."
152,885,887,1996-07-19,3,OFFICIAL - INFORMAL FOR D STAFF ONLY,TE,state-foia,nato-expansion; architecture; candidate-states; nsc-soc,https://foia.state.gov/DOCUMENTS/FOIA_Jul2019_2020/F-2017-13804/DOC_0C06698224/C06698224.pdf,https://foia.state.gov/DOCUMENTS/FOIA_Jul2019_2020/F-2017-13804/DOC_0C06698224/C06698224.pdf,"Source: Department of State, FOIA Virtual Reading Room, Case F-2017-13804, Doc No. C06698224. RELEASE IN FULL."
153,888,892,1996-09-19,5,ACTING SECRETARY TALBOTT'S MEETING WITH SLOVAK PARLIAMENT CHAIRMAN IVAN GASPAROVIC,TE,state-foia,nato-expansion; pfp; nac-usnato; candidate-states,https://foia.state.gov/DOCUMENTS/FOIA_Jul2019_2020/F-2017-13804/DOC_0C06698252/C06698252.pdf,https://foia.state.gov/DOCUMENTS/FOIA_Jul2019_2020/F-2017-13804/DOC_0C06698252/C06698252.pdf,"Source: Department of State, FOIA Virtual Reading Room, Case F-2017-13804, Doc No. C06698252. RELEASE IN FULL."
154,893,897,1999-03-26,5,DEPUTY SECRETARY'S MEETING WITH LITHUANIAN PRIME MINISTER VAGNORIUS,TE,state-foia,nato-expansion; open-door-map; architecture; candidate-states,https://foia.state.gov/DOCUMENTS/FOIA_L_Apr2021_C/F-2017-13804/DOC_0C06771225/C06771225.pdf,https://foia.state.gov/DOCUMENTS/FOIA_L_Apr2021_C/F-2017-13804/DOC_0C06771225/C06771225.pdf,"Source: Department of State, FOIA Virtual Reading Room, Case F-2017-13804, Doc No. C06771225. UNSPECIFIED IN SOURCE."
155,898,902,1999-03-29,5,DEPUTY SECRETARY'S MEETING WITH LITHUANIAN PRIME MINISTER VAGNORIUS,TE,state-foia,nato-expansion; open-door-map; architecture; candidate-states,https://foia.state.gov/DOCUMENTS/FOIA_L_Apr2021_C/F-2017-13804/DOC_0C06771016/C06771016.pdf,https://foia.state.gov/DOCUMENTS/FOIA_L_Apr2021_C/F-2017-13804/DOC_0C06771016/C06771016.pdf,"Source: Department of State, FOIA Virtual Reading Room, Case F-2017-13804, Doc No. C06771016. UNSPECIFIED IN SOURCE."
156,903,908,1996-11-01,6,GEORGIAN FOREIGN MINISTER MENAGHARAISHVILL'S MEETING IN WASHINGTON,TE,state-foia,nato-expansion; cfe-osce; candidate-states; nsc-soc,https://foia.state.gov/DOCUMENTS/FOIA_Aug2019_2020/F-2017-13804/DOC_0C06698684/C06698684.pdf,https://foia.state.gov/DOCUMENTS/FOIA_Aug2019_2020/F-2017-13804/DOC_0C06698684/C06698684.pdf,"Source: Department of State, FOIA Virtual Reading Room, Case F-2017-13804, Doc No. C06698684. RELEASE IN FULL."
157,909,915,1999-09-29,7,Executive Secretariat Sensitive Tasker - To Bratislava E.O. for Change and Acting DCM with attachments,GC,state-foia,nato-expansion; cfe-osce; candidate-states; nsc-soc,https://foia.state.gov/DOCUMENTS/FOIA_L_Feb2020/F-2017-13804/DOC_0C06814750/C06814750.pdf,https://foia.state.gov/DOCUMENTS/FOIA_L_Feb2020/F-2017-13804/DOC_0C06814750/C06814750.pdf,"Source: Department of State, FOIA Virtual Reading Room, Case F-2017-13804, Doc No. C06814750. UNSPECIFIED IN SOURCE."
158,916,920,1996-10-30,5,DEPUTY SECRETARY'S MEETING WITH CZECH AND POLISH SECURITY DIALOGUE DELEGATIONS,TE,state-foia,nato-expansion; nato-russia; architecture; cfe-osce,https://foia.state.gov/DOCUMENTS/FOIA_Aug2019_2020/F-2017-13804/DOC_0C06698679/C06698679.pdf,https://foia.state.gov/DOCUMENTS/FOIA_Aug2019_2020/F-2017-13804/DOC_0C06698679/C06698679.pdf,"Source: Department of State, FOIA Virtual Reading Room, Case F-2017-13804, Doc No. C06698679. RELEASE IN FULL."
159,921,933,1997-02-27,13,"SECRETARY'S MEETING WITH NORTH ATLANTIC COUNCIL OF MINISTERS IN SPECIAL SESSION, 2/18/97. BRUSSEL",TE,state-foia,nato-russia; pfp; nac-usnato; cfe-osce; candidate-states,https://foia.state.gov/DOCUMENTS/FOIA_Aug2019_2020/F-2017-13804/DOC_0C06702738/C06702738.pdf,https://foia.state.gov/DOCUMENTS/FOIA_Aug2019_2020/F-2017-13804/DOC_0C06702738/C06702738.pdf,"Source: Department of State, FOIA Virtual Reading Room, Case F-2017-13804, Doc No. C06702738. RELEASE IN PART."
160,934,935,1997-03-18,2,DEPUTY SECRETARY'S CONVERSATION WITH FRENCH POLITICAL DIRECTOR JACQUES BLOT,TE,state-foia,nato-expansion; nato-russia; architecture; cfe-osce,https://foia.state.gov/DOCUMENTS/FOIA_Aug2019_2020/F-2017-13804/DOC_0C06702876/C06702876.pdf,https://foia.state.gov/DOCUMENTS/FOIA_Aug2019_2020/F-2017-13804/DOC_0C06702876/C06702876.pdf,"Source: Department of State, FOIA Virtual Reading Room, Case F-2017-13804, Doc No. C06702876. RELEASE IN FULL."
161,936,937,1994-10-03,2,NATO expansion and Summit Follow-up,GC,state-foia,nato-expansion; architecture; cfe-osce; nsc-soc,https://foia.state.gov/DOCUMENTS/FOIA_L_Jan2022V2/F-2017-13804/DOC_0C09000143/C09000143.pdf,https://foia.state.gov/DOCUMENTS/FOIA_L_Jan2022V2/F-2017-13804/DOC_0C09000143/C09000143.pdf,"Source: Department of State, FOIA Virtual Reading Room, Case F-2017-13804, Doc No. C09000143. RELEASE IN FULL."
162,938,949,1995-10-23,12,Memorandum of Conversation - Clinton-Yeltsin One-on-One at Hyde Park,Memcon,nara-catalog,nato-russia; cfe-osce; nsc-soc,https://catalog.archives.gov/id/163545436,https://s3.amazonaws.com/NARAprodstorage/lz/presidential-libraries/clinton/wjc-nscrm/7585721/7-YeltsinHydePark.pdf,"Source: National Archives and Records Administration, National Archives Catalog, Clinton Presidential Records, Clinton NSC Records Management Office, 2014-0948-M, NAID 163545436. Secret; Nodis."
163,950,951,1995-10-23,2,RUSSIAN PRESIDENTIAL FOREIGN AFFAIRS ADVISOR RYURIKOV: OCTOBER 23 SUMMIT ISSUES,TE,state-foia,nato-expansion; architecture; cfe-osce; nsc-soc,https://foia.state.gov/DOCUMENTS/FOIA_Jul2019_2020/F-2017-13804/DOC_0C06698198/C06698198.pdf,https://foia.state.gov/DOCUMENTS/FOIA_Jul2019_2020/F-2017-13804/DOC_0C06698198/C06698198.pdf,"Source: Department of State, FOIA Virtual Reading Room, Case F-2017-13804, Doc No. C06698198. RELEASE IN FULL."
164,952,956,1997-03-16,5,MEMORANDUM OF CONVERSATION BETWEEN THE SERETARY AND FM Y. M. PRIMAKOV,ME,state-foia,nato-expansion; architecture; cfe-osce; nsc-soc,https://foia.state.gov/DOCUMENTS/FOIA_Aug2019_2020/F-2017-13804/DOC_0C06703630/C06703630.pdf,https://foia.state.gov/DOCUMENTS/FOIA_Aug2019_2020/F-2017-13804/DOC_0C06703630/C06703630.pdf,"Source: Department of State, FOIA Virtual Reading Room, Case F-2017-13804, Doc No. C06703630. RELEASE IN FULL."
165,957,959,1994-11-29,3,CZECH DEFENSE MINISTER'S 11/29 MEETING WITH THE DEPUTY SECRETARY,TE,state-foia,nato-expansion; pfp; cfe-osce; candidate-states,https://foia.state.gov/DOCUMENTS/FOIA_Jun2019_2020/F-2017-13804/DOC_0C06694716/C06694716.pdf,https://foia.state.gov/DOCUMENTS/FOIA_Jun2019_2020/F-2017-13804/DOC_0C06694716/C06694716.pdf,"Source: Department of State, FOIA Virtual Reading Room, Case F-2017-13804, Doc No. C06694716. RELEASE IN FULL."
166,960,965,1996-07-23,6,SECRETARY CHRISTOPHER'S JULY 10 BREAKFAST FOR POLISH PRESIDENT KWASNIESKI,TE,state-foia,nato-expansion; pfp; cfe-osce; candidate-states,https://foia.state.gov/DOCUMENTS/FOIA_Jul2019_2020/F-2017-13804/DOC_0C06698299/C06698299.pdf,https://foia.state.gov/DOCUMENTS/FOIA_Jul2019_2020/F-2017-13804/DOC_0C06698299/C06698299.pdf,"Source: Department of State, FOIA Virtual Reading Room, Case F-2017-13804, Doc No. C06698299. RELEASE IN FULL."
167,966,968,1996-05-28,3,DEPUTY SECRETARY'S MEETING WITH BELARUSIAN PARLIAMENTARY SPEAKER SHARETSKY,TE,state-foia,nato-expansion; nac-usnato; architecture; candidate-states,https://foia.state.gov/DOCUMENTS/FOIA_Jun2019_2020/F-2017-13804/DOC_0C06697772/C06697772.pdf,https://foia.state.gov/DOCUMENTS/FOIA_Jun2019_2020/F-2017-13804/DOC_0C06697772/C06697772.pdf,"Source: Department of State, FOIA Virtual Reading Room, Case F-2017-13804, Doc No. C06697772. RELEASE IN FULL."
168,969,973,1996-09-06,5,MEMORANDUM OF CONVERSATION BETWEEN ACTING SECRETARY TALBOTT AND POLISH MINISTER OF DEFENSE DOBRZANSKI,TE,state-foia,nato-expansion; nac-usnato; architecture; candidate-states,https://foia.state.gov/DOCUMENTS/FOIA_Jul2019_2020/F-2017-13804/DOC_0C06698263/C06698263.pdf,https://foia.state.gov/DOCUMENTS/FOIA_Jul2019_2020/F-2017-13804/DOC_0C06698263/C06698263.pdf,"Source: Department of State, FOIA Virtual Reading Room, Case F-2017-13804, Doc No. C06698263. RELEASE IN FULL."
169,974,990,1997-03-06,17,MEMORANDUM OF CONVERSATION MEETING PRESIDENT CLINTON AND PRESIDENT YELTSIN,ME,state-foia,nato-russia; open-door-map; cfe-osce; nsc-soc,https://foia.state.gov/DOCUMENTS/FOIA_Aug2019_2020/F-2017-13804/DOC_0C06703521/C06703521.pdf,https://foia.state.gov/DOCUMENTS/FOIA_Aug2019_2020/F-2017-13804/DOC_0C06703521/C06703521.pdf,"Source: Department of State, FOIA Virtual Reading Room, Case F-2017-13804, Doc No. C06703521. RELEASE IN FULL."
170,991,997,1996-06-10,7,The CFE Review Conference: A Retrospective w/Attachment(s),Source Lead,state-foia,architecture; cfe-osce; strobe-hard-gap,https://foia.state.gov/DOCUMENTS/FOIA_L_Oct2024/FL-2017-13804/DOC_0C09000035/C09000035.pdf,https://foia.state.gov/DOCUMENTS/FOIA_L_Oct2024/FL-2017-13804/DOC_0C09000035/C09000035.pdf,"Source: Department of State, FOIA Virtual Reading Room, Strobe Talbott FOIA release, Release October 2024, Document C09000035. Confidential."
171,998,1000,1993-11-03,3,NATO and U.S. Influence,NSC information memorandum,clinton-library-mdr,pfp; architecture; cfe-osce; nsc-soc,https://clinton.presidentiallibraries.us/items/show/101137,https://clinton.presidentiallibraries.us/files/original/daba4e1e86126f7392f28f4619aa711a.pdf,"Source: Clinton Presidential Records, NSC Cable, Email, and Records Management System, Mandatory Declassification Review 2015-0772-M, Clinton Digital Library PDF pages 36-38. Confidential."
