versionOrder,versionPageStart,versionPageEnd,date,pageCount,title,documentType,sourceClass,lane,matches,sourceUrl,pdfUrl,sourceNote
1,1,4,1993-04-14,4,Havel's Upcoming Meeting with the President: Security Issues on the Agenda,Cable,clinton-library-mdr,candidate-state cases,membership-accession,https://www.clintonlibrary.gov/sites/default/files/finding_aids_a_z/2026-02/2024-0540-M.pdf,https://www.clintonlibrary.gov/sites/default/files/finding_aids_a_z/2026-02/2024-0540-M.pdf,"Source: Clinton Presidential Records, Mandatory Declassification Review 2024-0540-M, Clinton Library PDF pages 38-41. Confidential."
2,5,11,1993-04-19,7,"Your Meeting with Vaclav Havel, 5:00 pm to 6:00 pm, April 20, 1993",Presidential briefing memorandum,clinton-library-mdr,candidate-state cases,nato-expansion,https://www.clintonlibrary.gov/sites/default/files/finding_aids_a_z/2026-02/2015-0773-M.pdf,https://www.clintonlibrary.gov/sites/default/files/finding_aids_a_z/2026-02/2015-0773-M.pdf,"Source: Clinton Presidential Records, NSC Records Management, [Havel and Telcons], Mandatory Declassification Review 2015-0773-M, Clinton Library PDF pages 33-39. Confidential with Secret attachment."
3,12,14,1993-09-03,3,Possible Yeltsin Letter on NATO,Cable,clinton-library-mdr,constraints/diplomacy,nato-expansion,https://clinton.presidentiallibraries.us/items/show/100538,https://clinton.presidentiallibraries.us/files/original/ad30d667d8a7801aa376b34a405c46c6.pdf,"Source: Clinton Presidential Records, NSC Cables, Jan. 1993-Dec. 1994, Mandatory Declassification Review 2015-0771-M, Clinton Digital Library PDF pages 2-4. Confidential; Nodis."
4,15,20,1993-09-17,6,Luncheon with Prime Minister Carlo Ciampi of Italy,Memorandum of conversation,clinton-library-mdr,constraints/diplomacy,nato-expansion,https://clinton.presidentiallibraries.us/items/show/57563,https://clinton.presidentiallibraries.us/files/original/369537c192017e6b05f68d908f1a75e8.pdf,"Source: Clinton Presidential Records, NSC Cable, Email, and Records Management System, Mandatory Declassification Review 2015-0755-M, Clinton Digital Library PDF pages 17-22. Confidential."
5,21,25,1993-09-17,5,Meeting with Prime Minister Carlo Ciampi of Italy,Memorandum of conversation,clinton-library-mdr,constraints/diplomacy,nato-expansion,https://clinton.presidentiallibraries.us/items/show/57563,https://clinton.presidentiallibraries.us/files/original/369537c192017e6b05f68d908f1a75e8.pdf,"Source: Clinton Presidential Records, NSC Cable, Email, and Records Management System, Mandatory Declassification Review 2015-0755-M, Clinton Digital Library PDF pages 31-35. Confidential."
6,26,28,1993-09-20,3,Yeltsin: NATO Expansion,Cable,clinton-library-mdr,constraints/diplomacy,nato-expansion,https://clinton.presidentiallibraries.us/items/show/118449,https://clinton.presidentiallibraries.us/files/original/30a20581e145dde08f2fa55c745c04f2.pdf,"Source: Clinton Presidential Records, NSC Records Management, PC0037 PC Meeting on NATO Summit, October 18, 1993, Mandatory Declassification Review 2015-0768-M, Clinton Digital Library, PDF pages 16-18. Secret."
7,29,30,1993-09-23,2,The Visegrad Four and NATO Expansion,NSC information memorandum,clinton-library-mdr,candidate-state cases,nato-expansion,https://clinton.presidentiallibraries.us/items/show/101137,https://clinton.presidentiallibraries.us/files/original/daba4e1e86126f7392f28f4619aa711a.pdf,"Source: Clinton Presidential Records, NSC Cable, Email, and Records Management System, Mandatory Declassification Review 2015-0772-M, Clinton Digital Library PDF pages 17-18. Confidential."
8,31,32,1993-10,2,Phased NATO Expansion: Draft Declaration Language,Draft declaration language,clinton-library-mdr,core expansion policy,nato-expansion,https://clinton.presidentiallibraries.us/items/show/118449,https://clinton.presidentiallibraries.us/files/original/30a20581e145dde08f2fa55c745c04f2.pdf,"Source: Clinton Presidential Records, NSC Records Management, PC0037 PC Meeting on NATO Summit, October 18, 1993, Mandatory Declassification Review 2015-0768-M, Clinton Digital Library, PDF pages 19-20. Confidential."
9,33,38,1993-10-08,6,NATO Expansion: Now Is Not the Time,Cable,clinton-library-mdr,whether/whom/when,nato-expansion,https://clinton.presidentiallibraries.us/items/show/118449,https://clinton.presidentiallibraries.us/files/original/30a20581e145dde08f2fa55c745c04f2.pdf,"Source: Clinton Presidential Records, NSC Records Management, PC0037 PC Meeting on NATO Summit, October 18, 1993, Mandatory Declassification Review 2015-0768-M, Clinton Digital Library, PDF pages 3-8. Secret."
10,39,40,1993-10-19,2,The NATO Summit and Europe's East,Presidential decision memorandum,clinton-library-mdr,core expansion policy,membership-accession,https://clinton.presidentiallibraries.us/items/show/101137,https://clinton.presidentiallibraries.us/files/original/daba4e1e86126f7392f28f4619aa711a.pdf,"Source: Clinton Presidential Records, NSC Cable, Email, and Records Management System, Mandatory Declassification Review 2015-0772-M, Clinton Digital Library PDF pages 26-27. Confidential."
11,41,46,1993-10-25,6,"Secretary Christopher's Meeting with President Yeltsin, 10/22/93, Moscow",Cable,clinton-library-mdr,constraints/diplomacy,membership-accession,https://clinton.presidentiallibraries.us/items/show/100538,https://clinton.presidentiallibraries.us/files/original/ad30d667d8a7801aa376b34a405c46c6.pdf,"Source: Clinton Presidential Records, NSC Cables, Jan. 1993-Dec. 1994, Mandatory Declassification Review 2015-0771-M, Clinton Digital Library PDF pages 7-12. Secret; Nodis."
12,47,54,1993-12-31,8,Your Trip to Prague,Presidential briefing memorandum,clinton-library-mdr,how/process,nato-expansion,https://www.clintonlibrary.gov/sites/default/files/finding_aids_a_z/2026-02/2024-0540-M.pdf,https://www.clintonlibrary.gov/sites/default/files/finding_aids_a_z/2026-02/2024-0540-M.pdf,"Source: Clinton Presidential Records, Mandatory Declassification Review 2024-0540-M, Clinton Library PDF pages 6-13. Confidential."
13,55,59,1994-01,5,Meeting with Czech President Havel and Premier Klaus,Presidential meeting brief,clinton-library-mdr,candidate-state cases,nato-expansion,https://www.clintonlibrary.gov/sites/default/files/finding_aids_a_z/2026-02/2024-0540-M.pdf,https://www.clintonlibrary.gov/sites/default/files/finding_aids_a_z/2026-02/2024-0540-M.pdf,"Source: Clinton Presidential Records, Mandatory Declassification Review 2024-0540-M, Clinton Library PDF pages 14-18. Confidential."
14,60,61,1994-01-12,2,Background: Business-Related Event at K-Mart,Briefing paper,nara-catalog,core expansion policy,nato-expansion,https://catalog.archives.gov/id/368557013,https://s3.us-east-1.amazonaws.com/NARAprodstorage/lz/presidential-libraries/clinton/7585709/7585709-20170413F-002-008-2024.pdf,"Source: National Archives Catalog, Briefing Books - POTUS Trip to Prague, Czech Republic, January 11-12, 1994, NAID 368557013, PDF pages 37-38. Confidential."
15,62,70,1994-01-12,9,"Draft Memcon - President's Bilateral with Polish President Walesa, Premier Pawlak",Cable transmitting memcon,clinton-library-mdr,candidate-state cases,membership-accession,https://clinton.presidentiallibraries.us/items/show/100538,https://clinton.presidentiallibraries.us/files/original/ad30d667d8a7801aa376b34a405c46c6.pdf,"Source: Clinton Presidential Records, NSC Cables, Mandatory Declassification Review 2015-0771-M, Clinton Digital Library PDF pages 13-21. Nodis."
16,71,74,1994-01-13,4,Prague Assessment: Hungarians Very Upbeat,Cable,clinton-library-mdr,candidate-state cases,membership-accession,https://www.clintonlibrary.gov/sites/default/files/finding_aids_a_z/2026-02/2024-0540-M.pdf,https://www.clintonlibrary.gov/sites/default/files/finding_aids_a_z/2026-02/2024-0540-M.pdf,"Source: Clinton Presidential Records, Mandatory Declassification Review 2024-0540-M, Clinton Library PDF pages 64-67. Confidential."
17,75,79,1994-04-18,5,Deputy Secretary's Meeting in Warsaw with President Walesa,Cable,clinton-library-mdr,core expansion policy,nato-expansion,https://clinton.presidentiallibraries.us/items/show/100538,https://clinton.presidentiallibraries.us/files/original/ad30d667d8a7801aa376b34a405c46c6.pdf,"Source: Clinton Presidential Records, NSC Cables, Mandatory Declassification Review 2015-0771-M, Clinton Digital Library PDF pages 22-26."
18,80,84,1994-06-24,5,Foreign Minister Urges President Clinton to Focus on Polish Security During Visit,Cable,clinton-library-mdr,candidate-state cases,nato-expansion,https://clinton.presidentiallibraries.us/items/show/100538,https://clinton.presidentiallibraries.us/files/original/ad30d667d8a7801aa376b34a405c46c6.pdf,"Source: Clinton Presidential Records, NSC Cables, Mandatory Declassification Review 2015-0771-M, Clinton Digital Library PDF pages 35-39."
19,85,88,1994-09-17,4,NATO Expansion: Concept and Strategy,Policy paper,clinton-library-mdr,how/process,nato-expansion,https://clinton.presidentiallibraries.us/items/show/118731,https://clinton.presidentiallibraries.us/files/original/3a5e05a367487bd0097cd36c04a644c6.pdf,"Source: Clinton Presidential Records, White House Staff and Office Files, Mandatory Declassification Review 2017-0193-M, Clinton Digital Library, PDF pages 1-4. Secret/Sensitive."
20,89,96,1994-09-21,8,Next Steps on NATO Expansion: Hard Questions,Policy paper,clinton-library-mdr,whether/whom/when,nato-expansion,https://clinton.presidentiallibraries.us/items/show/118731,https://clinton.presidentiallibraries.us/files/original/3a5e05a367487bd0097cd36c04a644c6.pdf,"Source: Clinton Presidential Records, White House Staff and Office Files, Mandatory Declassification Review 2017-0193-M, Clinton Digital Library, PDF pages 5-12. Secret/Sensitive."
21,97,98,1994-10-03,2,NATO expansion and Summit Follow-up,GC,state-foia,core expansion policy,nato-expansion,https://foia.state.gov/DOCUMENTS/FOIA_L_Jan2022V2/F-2017-13804/DOC_0C09000143/C09000143.pdf,https://foia.state.gov/DOCUMENTS/FOIA_L_Jan2022V2/F-2017-13804/DOC_0C09000143/C09000143.pdf,"Source: Department of State, FOIA Virtual Reading Room, Case F-2017-13804, Doc No. C09000143. RELEASE IN FULL."
22,99,107,1994-10-04,9,Moving Toward NATO Expansion,NSC staff memorandum with policy papers,clinton-library-mdr,core expansion policy,nato-expansion,https://clinton.presidentiallibraries.us/items/show/57563,https://clinton.presidentiallibraries.us/files/original/369537c192017e6b05f68d908f1a75e8.pdf,"Source: Clinton Presidential Records, NSC Cable, Email, and Records Management System, Mandatory Declassification Review 2015-0755-M, Clinton Digital Library PDF pages 55-63. Secret/Confidential."
23,108,113,1994-10-13,6,NATO Expansion,Presidential information memorandum with NSC staff paper,clinton-library-mdr,constraints/diplomacy,nato-expansion,https://clinton.presidentiallibraries.us/items/show/57563,https://clinton.presidentiallibraries.us/files/original/369537c192017e6b05f68d908f1a75e8.pdf,"Source: Clinton Presidential Records, NSC Cable, Email, and Records Management System, Mandatory Declassification Review 2015-0755-M, Clinton Digital Library PDF pages 71-76. Secret."
24,114,121,1994-10-14,8,Moving Toward NATO Expansion,NSC staff paper with transmittal memorandum,clinton-library-mdr,how/process,nato-expansion; candidate-membership,https://clinton.presidentiallibraries.us/items/show/101137,https://clinton.presidentiallibraries.us/files/original/daba4e1e86126f7392f28f4619aa711a.pdf,"Source: Clinton Presidential Records, NSC Cable, Email, and Records Management System, Mandatory Declassification Review 2015-0772-M, Clinton Digital Library PDF pages 93-100. Secret."
25,122,124,1994-11-03,3,Inter-Agency Presentation on NATO - Germany,Cable,clinton-library-mdr,core expansion policy,nato-expansion,https://clinton.presidentiallibraries.us/items/show/100538,https://clinton.presidentiallibraries.us/files/original/ad30d667d8a7801aa376b34a405c46c6.pdf,"Source: Clinton Presidential Records, NSC Cables, Mandatory Declassification Review 2015-0771-M, Clinton Digital Library PDF pages 45-47. Exdis."
26,125,129,1994-12-21,5,Meeting with the Vice President on Russia and NATO Expansion,Presidential briefing memorandum,clinton-library-mdr,constraints/diplomacy,nato-expansion,https://clinton.presidentiallibraries.us/items/show/101137,https://clinton.presidentiallibraries.us/files/original/daba4e1e86126f7392f28f4619aa711a.pdf,"Source: Clinton Presidential Records, NSC Cable, Email, and Records Management System, Mandatory Declassification Review 2015-0772-M, Clinton Digital Library PDF pages 103-107. Confidential."
27,130,135,1994-12-22,6,"European Security Architecture, NATO Expansion and Russia",NSC action memorandum with conceptual paper,clinton-library-mdr,constraints/diplomacy,nato-expansion,https://clinton.presidentiallibraries.us/items/show/101137,https://clinton.presidentiallibraries.us/files/original/daba4e1e86126f7392f28f4619aa711a.pdf,"Source: Clinton Presidential Records, NSC Cable, Email, and Records Management System, Mandatory Declassification Review 2015-0772-M, Clinton Digital Library PDF pages 116-121. Secret."
28,136,138,1994-12-29,3,President Yeltsin to President Clinton on NATO Enlargement,Presidential correspondence,clinton-library-mdr,constraints/diplomacy,nato-expansion,https://clinton.presidentiallibraries.us/items/show/118449,https://clinton.presidentiallibraries.us/files/original/30a20581e145dde08f2fa55c745c04f2.pdf,"Source: Clinton Presidential Records, NSC Records Management, DC0161 DC Meeting on NATO-Russia Relationship, January 9, 1995, Mandatory Declassification Review 2015-0768-M, Clinton Digital Library, PDF pages 64-66."
29,139,140,1995,2,Points to Be Made at Dinner with Czech President Havel,Presidential talking points,clinton-library-mdr,candidate-state cases,nato-expansion,https://www.clintonlibrary.gov/sites/default/files/finding_aids_a_z/2026-02/2024-0540-M.pdf,https://www.clintonlibrary.gov/sites/default/files/finding_aids_a_z/2026-02/2024-0540-M.pdf,"Source: Clinton Presidential Records, Mandatory Declassification Review 2024-0540-M, Clinton Library PDF pages 1-2. Confidential."
30,141,142,1995-01-06,2,President Clinton to President Yeltsin on NATO Expansion and Chechnya,Presidential message cable,clinton-library-mdr,constraints/diplomacy,nato-expansion,https://clinton.presidentiallibraries.us/items/show/118449,https://clinton.presidentiallibraries.us/files/original/30a20581e145dde08f2fa55c745c04f2.pdf,"Source: Clinton Presidential Records, NSC Records Management, DC0161 DC Meeting on NATO-Russia Relationship, January 9, 1995, Mandatory Declassification Review 2015-0768-M, Clinton Digital Library, PDF pages 68-69. Confidential; declassified in part."
31,143,148,1995-01-25,6,NATO Expansion: Getting From Here to There,Cable,clinton-library-mdr,how/process,nato-expansion,https://clinton.presidentiallibraries.us/items/show/101829,https://clinton.presidentiallibraries.us/files/original/1fbacf781cad23434c0c3e3f52367c90.pdf,"Source: Clinton Presidential Records, NSC Cables, Mandatory Declassification Review 2015-0792-M, Clinton Digital Library PDF pages 9-14. Confidential; Exdis."
32,149,152,1995-01-30,4,A/S Holbrooke Briefs PM Pawlak on NATO Expansion; Urges Greater Political Stability,Cable,clinton-library-mdr,candidate-state cases,nato-expansion,https://clinton.presidentiallibraries.us/items/show/100538,https://clinton.presidentiallibraries.us/files/original/ad30d667d8a7801aa376b34a405c46c6.pdf,"Source: Clinton Presidential Records, NSC Cables, Mandatory Declassification Review 2015-0771-M, Clinton Digital Library PDF pages 50-53."
33,153,161,1995-02-01,9,"The Secretary's Meeting with EU Presidency/French Foreign Minister Juppe and European Commissioner Brittan, January 26, 1995 at the State Department",Cable,clinton-library-mdr,constraints/diplomacy,nato-expansion,https://clinton.presidentiallibraries.us/items/show/101829,https://clinton.presidentiallibraries.us/files/original/1fbacf781cad23434c0c3e3f52367c90.pdf,"Source: Clinton Presidential Records, NSC Cables, Mandatory Declassification Review 2015-0792-M, Clinton Digital Library PDF pages 15-23. Confidential."
34,162,165,1995-02-07,4,The Secretary's Meeting with Polish PM Pawlak,Cable,clinton-library-mdr,candidate-state cases,nato-expansion,https://clinton.presidentiallibraries.us/items/show/100538,https://clinton.presidentiallibraries.us/files/original/ad30d667d8a7801aa376b34a405c46c6.pdf,"Source: Clinton Presidential Records, NSC Cables, Mandatory Declassification Review 2015-0771-M, Clinton Digital Library PDF pages 54-57. Nodis."
35,166,185,1995-02-11,20,Working Lunch with Prime Minister Jean-Luc Dehaene of Belgium,Memorandum of conversation,clinton-library-mdr,constraints/diplomacy,nato-expansion,https://clinton.presidentiallibraries.us/items/show/57563,https://clinton.presidentiallibraries.us/files/original/369537c192017e6b05f68d908f1a75e8.pdf,"Source: Clinton Presidential Records, NSC Cable, Email, and Records Management System, Mandatory Declassification Review 2015-0755-M, Clinton Digital Library PDF pages 85-104. Confidential."
36,186,188,1995-02-15,3,Ukrainian Views on NATO Expansion; Ukraine and PFP,Cable,clinton-library-mdr,core expansion policy,nato-expansion,https://clinton.presidentiallibraries.us/items/show/101829,https://clinton.presidentiallibraries.us/files/original/1fbacf781cad23434c0c3e3f52367c90.pdf,"Source: Clinton Presidential Records, NSC Cables, Mandatory Declassification Review 2015-0792-M, Clinton Digital Library PDF pages 24-26. Confidential."
37,189,200,1995-02-28,12,"The President's Working Lunch with Wim Kok, Prime Minister of the Netherlands",Memorandum of conversation,clinton-library-mdr,core expansion policy,nato-expansion,https://clinton.presidentiallibraries.us/items/show/57563,https://clinton.presidentiallibraries.us/files/original/369537c192017e6b05f68d908f1a75e8.pdf,"Source: Clinton Presidential Records, NSC Cable, Email, and Records Management System, Mandatory Declassification Review 2015-0755-M, Clinton Digital Library PDF pages 126-137. Confidential."
38,201,202,1995-03,2,Annex to Clinton-Yeltsin Letter: NATO's Evolution Since 1990,Annex,clinton-library-mdr,constraints/diplomacy,nato-expansion,https://clinton.presidentiallibraries.us/items/show/118449,https://clinton.presidentiallibraries.us/files/original/30a20581e145dde08f2fa55c745c04f2.pdf,"Source: Clinton Presidential Records, NSC Records Management, DC0180 DC Meeting on NATO Expansion and NATO-Russia Relations, March 8, 1995, Mandatory Declassification Review 2015-0768-M, Clinton Digital Library, PDF pages 77-78."
39,203,203,1995-03,1,Elements of a Russian Reply,Talking points,clinton-library-mdr,constraints/diplomacy,nato-expansion,https://clinton.presidentiallibraries.us/items/show/118449,https://clinton.presidentiallibraries.us/files/original/30a20581e145dde08f2fa55c745c04f2.pdf,"Source: Clinton Presidential Records, NSC Records Management, DC0180 DC Meeting on NATO Expansion and NATO-Russia Relations, March 8, 1995, Mandatory Declassification Review 2015-0768-M, Clinton Digital Library, PDF page 81. Confidential/Nodis."
40,204,205,1995-03,2,Possible Content of a Letter from the Russian Side,Translation,clinton-library-mdr,constraints/diplomacy,nato-expansion,https://clinton.presidentiallibraries.us/items/show/118449,https://clinton.presidentiallibraries.us/files/original/30a20581e145dde08f2fa55c745c04f2.pdf,"Source: Clinton Presidential Records, NSC Records Management, DC0180 DC Meeting on NATO Expansion and NATO-Russia Relations, March 8, 1995, Mandatory Declassification Review 2015-0768-M, Clinton Digital Library, PDF pages 79-80. Secret."
41,206,208,1995-03,3,President Clinton to President Yeltsin on NATO-Russia Relations,Draft presidential correspondence,clinton-library-mdr,constraints/diplomacy,nato-expansion,https://clinton.presidentiallibraries.us/items/show/118449,https://clinton.presidentiallibraries.us/files/original/30a20581e145dde08f2fa55c745c04f2.pdf,"Source: Clinton Presidential Records, NSC Records Management, DC0180 DC Meeting on NATO Expansion and NATO-Russia Relations, March 8, 1995, Mandatory Declassification Review 2015-0768-M, Clinton Digital Library, PDF pages 74-76. Secret."
42,209,218,1995-03-02,10,EUR Assistant Secretary A/S Holbrooke's Meeting with President Iliescu,Cable,clinton-library-mdr,candidate-state cases,nato-expansion,https://clinton.presidentiallibraries.us/items/show/100538,https://clinton.presidentiallibraries.us/files/original/ad30d667d8a7801aa376b34a405c46c6.pdf,"Source: Clinton Presidential Records, NSC Cables, Mandatory Declassification Review 2015-0771-M, Clinton Digital Library PDF pages 58-67."
43,219,220,1995-03-02,2,Status of NATO-Russia Process,Decision paper,clinton-library-mdr,constraints/diplomacy,nato-expansion,https://clinton.presidentiallibraries.us/items/show/118449,https://clinton.presidentiallibraries.us/files/original/30a20581e145dde08f2fa55c745c04f2.pdf,"Source: Clinton Presidential Records, NSC Records Management, DC0180 DC Meeting on NATO Expansion and NATO-Russia Relations, March 8, 1995, Mandatory Declassification Review 2015-0768-M, Clinton Digital Library, PDF pages 72-73. Confidential."
44,221,224,1995-03-03,4,NATO Expansion: U.S. Views on Military Implications,Cable,clinton-library-mdr,how/process,nato-expansion,https://clinton.presidentiallibraries.us/items/show/101829,https://clinton.presidentiallibraries.us/files/original/1fbacf781cad23434c0c3e3f52367c90.pdf,"Source: Clinton Presidential Records, NSC Cables, Mandatory Declassification Review 2015-0792-M, Clinton Digital Library PDF pages 28-31. Confidential."
45,225,227,1995-03-03,3,PM Horn Welcomes NATO Expansion Plans and Asks That Russia's Concerns Be Considered,Cable,clinton-library-mdr,constraints/diplomacy,nato-expansion,https://clinton.presidentiallibraries.us/items/show/100538,https://clinton.presidentiallibraries.us/files/original/ad30d667d8a7801aa376b34a405c46c6.pdf,"Source: Clinton Presidential Records, NSC Cables, Mandatory Declassification Review 2015-0771-M, Clinton Digital Library PDF pages 68-70."
46,228,231,1995-03-06,4,"DFM Tarasyuk Discusses PFP, GOU Internal Problems",Cable,clinton-library-mdr,core expansion policy,membership-accession,https://clinton.presidentiallibraries.us/items/show/101829,https://clinton.presidentiallibraries.us/files/original/1fbacf781cad23434c0c3e3f52367c90.pdf,"Source: Clinton Presidential Records, NSC Cables, Mandatory Declassification Review 2015-0792-M, Clinton Digital Library PDF pages 36-39. Confidential."
47,232,235,1995-03-06,4,Dialogue with Prime Minister Horn at Spanish Embassy,Cable,clinton-library-mdr,candidate-state cases,nato-expansion,https://clinton.presidentiallibraries.us/items/show/100538,https://clinton.presidentiallibraries.us/files/original/ad30d667d8a7801aa376b34a405c46c6.pdf,"Source: Clinton Presidential Records, NSC Cables, Mandatory Declassification Review 2015-0771-M, Clinton Digital Library PDF pages 72-75. Confidential."
48,236,239,1995-03-18,4,Mamedov Reiterates Russian Sensitivities over NATO Expansion,Cable,clinton-library-mdr,constraints/diplomacy,nato-expansion,https://clinton.presidentiallibraries.us/items/show/101829,https://clinton.presidentiallibraries.us/files/original/1fbacf781cad23434c0c3e3f52367c90.pdf,"Source: Clinton Presidential Records, NSC Cables, Mandatory Declassification Review 2015-0792-M, Clinton Digital Library PDF pages 48-51. Secret; Nodis."
49,240,243,1995-03-21,4,Presidential Aide Says Yeltsin Angered Over MFA Mishandling of NATO Expansion Issue,Cable,clinton-library-mdr,constraints/diplomacy,nato-expansion,https://clinton.presidentiallibraries.us/items/show/100538,https://clinton.presidentiallibraries.us/files/original/ad30d667d8a7801aa376b34a405c46c6.pdf,"Source: Clinton Presidential Records, NSC Cables, Mandatory Declassification Review 2015-0771-M, Clinton Digital Library PDF pages 77-80. Confidential; declassified in part."
50,244,245,1995-03-22,2,"Night Note from Geneva, Wednesday, March 22, 1995",Cable,clinton-library-mdr,core expansion policy,nato-expansion,https://clinton.presidentiallibraries.us/items/show/101829,https://clinton.presidentiallibraries.us/files/original/1fbacf781cad23434c0c3e3f52367c90.pdf,"Source: Clinton Presidential Records, NSC Cables, Mandatory Declassification Review 2015-0792-M, Clinton Digital Library PDF pages 52-53. Secret; Nodis; Special Encryption; Eyes Only."
51,246,249,1995-03-29,4,Czech Foreign Minister Zieleniec Addresses NATO Membership with PermReps,Cable,clinton-library-mdr,candidate-state cases,membership-accession; candidate-membership,https://clinton.presidentiallibraries.us/items/show/101829,https://clinton.presidentiallibraries.us/files/original/1fbacf781cad23434c0c3e3f52367c90.pdf,"Source: Clinton Presidential Records, NSC Cables, Mandatory Declassification Review 2015-0792-M, Clinton Digital Library PDF pages 54-57. Confidential."
52,250,255,1995-04-03,6,Elements of a NATO-Russia Relationship,Options paper,clinton-library-mdr,constraints/diplomacy,nato-expansion,https://clinton.presidentiallibraries.us/items/show/118449,https://clinton.presidentiallibraries.us/files/original/30a20581e145dde08f2fa55c745c04f2.pdf,"Source: Clinton Presidential Records, NSC Records Management, DC0193 DC Meeting on NATO Expansion and NATO-Russia Relations, April 4, 1995, Mandatory Declassification Review 2015-0768-M, Clinton Digital Library, PDF pages 84-89. Confidential."
53,256,267,1995-05-01,12,"Secretary Christopher's Meeting with Andrei Kozyrev, April 26",Cable,clinton-library-mdr,constraints/diplomacy,nato-expansion,https://clinton.presidentiallibraries.us/items/show/101829,https://clinton.presidentiallibraries.us/files/original/1fbacf781cad23434c0c3e3f52367c90.pdf,"Source: Clinton Presidential Records, NSC Cables, Mandatory Declassification Review 2015-0792-M, Clinton Digital Library PDF pages 58-69. Secret; Nodis."
54,268,283,1995-05-10,16,"Summary Report on One-On-One Meeting Between Presidents Clinton and Yeltsin, May 10, 1995, Kremlin",Summary report,nara-iscap,constraints/diplomacy,nato-expansion,https://www.archives.gov/files/declassification/iscap/pdf/2016-156-doc-11.pdf,https://www.archives.gov/files/declassification/iscap/pdf/2016-156-doc-11.pdf,"Source: National Archives, Interagency Security Classification Appeals Panel, ISCAP Appeal No. 2016-156, document no. 11, Clinton Library photocopy, PDF pages 1-16. Declassified March 5, 2018."
55,284,287,1995-05-25,4,5/24 Meeting of DOD Deputy Assistant Secretary Kruzel and NSC Senior Director Fried with Slovak President Kovac,Cable,clinton-library-mdr,candidate-state cases,membership-accession,https://clinton.presidentiallibraries.us/items/show/101829,https://clinton.presidentiallibraries.us/files/original/1fbacf781cad23434c0c3e3f52367c90.pdf,"Source: Clinton Presidential Records, NSC Cables, Mandatory Declassification Review 2015-0792-M, Clinton Digital Library PDF pages 70-73. Confidential."
56,288,304,1995-06-16,17,Troika Meeting on European Security/NATO Enlargement,NSC information memorandum with strategy papers,clinton-library-mdr,how/process,nato-expansion; open-door-map,https://clinton.presidentiallibraries.us/items/show/101137,https://clinton.presidentiallibraries.us/files/original/daba4e1e86126f7392f28f4619aa711a.pdf,"Source: Clinton Presidential Records, NSC Cable, Email, and Records Management System, Mandatory Declassification Review 2015-0772-M, Clinton Digital Library PDF pages 131-147. Secret."
57,305,308,1995-07-17,4,European Security/NATO Enlargement Progress Report,Presidential information memorandum,clinton-library-mdr,how/process,nato-expansion,https://clinton.presidentiallibraries.us/items/show/101137,https://clinton.presidentiallibraries.us/files/original/daba4e1e86126f7392f28f4619aa711a.pdf,"Source: Clinton Presidential Records, NSC Cable, Email, and Records Management System, Mandatory Declassification Review 2015-0772-M, Clinton Digital Library PDF pages 184-187. Secret."
58,309,312,1995-07-19,4,Bartoszewski and the Clinton Administration: What the Foreign Minister Meant to Say,Cable,clinton-library-mdr,core expansion policy,nato-expansion,https://clinton.presidentiallibraries.us/items/show/101829,https://clinton.presidentiallibraries.us/files/original/1fbacf781cad23434c0c3e3f52367c90.pdf,"Source: Clinton Presidential Records, NSC Cables, Mandatory Declassification Review 2015-0792-M, Clinton Digital Library PDF pages 90-93. Confidential."
59,313,315,1995-07-19,3,Demarche: Polish FonMin Bartoszewski on NATO,Cable,clinton-library-mdr,candidate-state cases,nato-expansion,https://clinton.presidentiallibraries.us/items/show/101829,https://clinton.presidentiallibraries.us/files/original/1fbacf781cad23434c0c3e3f52367c90.pdf,"Source: Clinton Presidential Records, NSC Cables, Mandatory Declassification Review 2015-0792-M, Clinton Digital Library PDF pages 87-89. Confidential."
60,316,317,1995-07-27,2,West European Attitudes Toward NATO Enlargement,Presidential information memorandum,clinton-library-mdr,candidate-state cases,nato-expansion; candidate-membership,https://clinton.presidentiallibraries.us/items/show/101137,https://clinton.presidentiallibraries.us/files/original/daba4e1e86126f7392f28f4619aa711a.pdf,"Source: Clinton Presidential Records, NSC Cable, Email, and Records Management System, Mandatory Declassification Review 2015-0772-M, Clinton Digital Library PDF pages 169-170. Secret."
61,318,322,1995-09-30,5,"Clinton-Kohl Telcon of September 23, 1995",Cable transmitting telcon,clinton-library-mdr,constraints/diplomacy,nato-expansion,https://clinton.presidentiallibraries.us/items/show/100538,https://clinton.presidentiallibraries.us/files/original/ad30d667d8a7801aa376b34a405c46c6.pdf,"Source: Clinton Presidential Records, NSC Cables, Mandatory Declassification Review 2015-0771-M, Clinton Digital Library PDF pages 81-85. Nodis."
62,323,323,1995-10-02,1,The NATO Enlargement Study,Presidential information memorandum,clinton-library-mdr,constraints/diplomacy,nato-expansion,https://clinton.presidentiallibraries.us/items/show/101137,https://clinton.presidentiallibraries.us/files/original/daba4e1e86126f7392f28f4619aa711a.pdf,"Source: Clinton Presidential Records, NSC Cable, Email, and Records Management System, Mandatory Declassification Review 2015-0772-M, Clinton Digital Library PDF pages 195. Confidential."
63,324,329,1995-10-03,6,Memcon: President Clinton's Meeting with President Iliescu,Cable transmitting memcon,clinton-library-mdr,candidate-state cases,nato-expansion,https://clinton.presidentiallibraries.us/items/show/100538,https://clinton.presidentiallibraries.us/files/original/ad30d667d8a7801aa376b34a405c46c6.pdf,"Source: Clinton Presidential Records, NSC Cables, Mandatory Declassification Review 2015-0771-M, Clinton Digital Library PDF pages 86-91. Nodis."
64,330,332,1995-11-28,3,Germans Causing Problems on NATO Enlargement,NSC information memorandum,clinton-library-mdr,constraints/diplomacy,nato-expansion,https://clinton.presidentiallibraries.us/items/show/101137,https://clinton.presidentiallibraries.us/files/original/daba4e1e86126f7392f28f4619aa711a.pdf,"Source: Clinton Presidential Records, NSC Cable, Email, and Records Management System, Mandatory Declassification Review 2015-0772-M, Clinton Digital Library PDF pages 205-207. Confidential."
65,333,337,1995-12-08,5,Change in Style not Substance in Poland's Campaign for NATO Membership,Cable,clinton-library-mdr,candidate-state cases,membership-accession,https://clinton.presidentiallibraries.us/items/show/100538,https://clinton.presidentiallibraries.us/files/original/ad30d667d8a7801aa376b34a405c46c6.pdf,"Source: Clinton Presidential Records, NSC Cables, Mandatory Declassification Review 2015-0771-M, Clinton Digital Library PDF pages 92-96."
66,338,341,1996-04-17,4,Your Meetings with President Yeltsin,Cable,clinton-library-mdr,constraints/diplomacy,nato-expansion,https://clinton.presidentiallibraries.us/items/show/101829,https://clinton.presidentiallibraries.us/files/original/1fbacf781cad23434c0c3e3f52367c90.pdf,"Source: Clinton Presidential Records, NSC Cables, Mandatory Declassification Review 2015-0792-M, Clinton Digital Library PDF pages 115-118. Secret; Nodis."
67,342,344,1996-05-04,3,Responding to President Chirac's Call for an Agreement with Russia Prior to NATO Enlargement,Cable,clinton-library-mdr,constraints/diplomacy,nato-expansion,https://clinton.presidentiallibraries.us/items/show/100538,https://clinton.presidentiallibraries.us/files/original/ad30d667d8a7801aa376b34a405c46c6.pdf,"Source: Clinton Presidential Records, NSC Cables, Mandatory Declassification Review 2015-0771-M, Clinton Digital Library PDF pages 97-99. Nodis."
68,345,349,1996-05-11,5,Polish FonMin Rosati and Acting Secretary Talbott Discuss NATO Enlargement and Regional Relations,Cable,clinton-library-mdr,candidate-state cases,nato-expansion; candidate-membership,https://clinton.presidentiallibraries.us/items/show/101829,https://clinton.presidentiallibraries.us/files/original/1fbacf781cad23434c0c3e3f52367c90.pdf,"Source: Clinton Presidential Records, NSC Cables, Mandatory Declassification Review 2015-0792-M, Clinton Digital Library PDF pages 119-123. Confidential."
69,350,352,1996-06-03,3,"Latvian President Discusses NATO Enlargement, Urges President Clinton to Meet Baltic Leaders in June",Cable,clinton-library-mdr,candidate-state cases,nato-expansion,https://clinton.presidentiallibraries.us/items/show/100538,https://clinton.presidentiallibraries.us/files/original/ad30d667d8a7801aa376b34a405c46c6.pdf,"Source: Clinton Presidential Records, NSC Cables, Mandatory Declassification Review 2015-0771-M, Clinton Digital Library PDF pages 113-115. Confidential."
70,353,358,1996-06-03,6,Memorandum of Conversation with Former President of Poland Lech Walesa,Memorandum of conversation,clinton-library-mdr,constraints/diplomacy,nato-expansion,https://clinton.presidentiallibraries.us/items/show/101829,https://clinton.presidentiallibraries.us/files/original/1fbacf781cad23434c0c3e3f52367c90.pdf,"Source: Clinton Presidential Records, NSC Cables, Mandatory Declassification Review 2015-0792-M, Clinton Digital Library PDF pages 124-129. Confidential; Nodis."
71,359,371,1996-06-06,13,C-P-L Item: NATO Enlargement,NSC email with attached policy paper,clinton-library-mdr,how/process,nato-expansion,https://clinton.presidentiallibraries.us/items/show/57565,https://clinton.presidentiallibraries.us/files/original/ae02d8219b6f90d0e5fc7a41f099bdce.pdf,"Source: Clinton Presidential Records, NSC Emails, MsMail-Record (Sept 94-Sept 97), [NATO Enlargement and Lake], Mandatory Declassification Review 2015-0770-M, Clinton Digital Library, PDF pages 2-14. Secret."
72,372,377,1996-06-17,6,Slovakia: Kramer Tells Kuchar No Benefit of Doubt for Slovakia on NATO Enlargement,Cable,clinton-library-mdr,candidate-state cases,nato-expansion,https://clinton.presidentiallibraries.us/items/show/100538,https://clinton.presidentiallibraries.us/files/original/ad30d667d8a7801aa376b34a405c46c6.pdf,"Source: Clinton Presidential Records, NSC Cables, Mandatory Declassification Review 2015-0771-M, Clinton Digital Library PDF pages 100-105."
73,378,380,1996-09,3,President Clinton to President Yeltsin on NATO and Russia,Presidential letter draft,clinton-library-mdr,constraints/diplomacy,nato-expansion,https://clinton.presidentiallibraries.us/items/show/101137,https://clinton.presidentiallibraries.us/files/original/daba4e1e86126f7392f28f4619aa711a.pdf,"Source: Clinton Presidential Records, NSC Cable, Email, and Records Management System, Mandatory Declassification Review 2015-0772-M, Clinton Digital Library PDF pages 222-224. Confidential."
74,381,383,1996-09-17,3,Baltic States: Baltic Action Plan and NATO Enlargement,NSC information memorandum,clinton-library-mdr,candidate-state cases,nato-expansion; membership-accession,https://clinton.presidentiallibraries.us/items/show/101137,https://clinton.presidentiallibraries.us/files/original/daba4e1e86126f7392f28f4619aa711a.pdf,"Source: Clinton Presidential Records, NSC Cable, Email, and Records Management System, Mandatory Declassification Review 2015-0772-M, Clinton Digital Library PDF pages 231-233. Confidential."
75,384,385,1996-09-27,2,Possible Foreign Policy Events for POTUS in October,NSC planning memorandum,clinton-library-mdr,whether/whom/when,nato-expansion; invitation-round,https://clinton.presidentiallibraries.us/items/show/101137,https://clinton.presidentiallibraries.us/files/original/daba4e1e86126f7392f28f4619aa711a.pdf,"Source: Clinton Presidential Records, NSC Cable, Email, and Records Management System, Mandatory Declassification Review 2015-0772-M, Clinton Digital Library PDF pages 241-242. Confidential."
76,386,395,1996-10-01,10,"Copenhagen Seminar: Secretary Perry, UK and German Defense Ministers Say ""Not Yet"" to Baltic NATO Membership; Russians Don't Show",Cable,clinton-library-mdr,whether/whom/when,membership-accession,https://clinton.presidentiallibraries.us/items/show/101829,https://clinton.presidentiallibraries.us/files/original/1fbacf781cad23434c0c3e3f52367c90.pdf,"Source: Clinton Presidential Records, NSC Cables, Mandatory Declassification Review 2015-0792-M, Clinton Digital Library PDF pages 167-176. Unclassified; sensitive."
77,396,398,1996-10-04,3,Your Meeting with the Troika on NATO Enlargement Issues,NSC information memorandum,clinton-library-mdr,candidate-state cases,nato-expansion,https://clinton.presidentiallibraries.us/items/show/101137,https://clinton.presidentiallibraries.us/files/original/daba4e1e86126f7392f28f4619aa711a.pdf,"Source: Clinton Presidential Records, NSC Cable, Email, and Records Management System, Mandatory Declassification Review 2015-0772-M, Clinton Digital Library PDF pages 238-240. Secret."
78,399,402,1996-10-29,4,ACTING SECRETARY AND LITHUANIAN FONMIN ON NATO ENLARGEMENT,TE,state-foia,candidate-state cases,nato-expansion,https://foia.state.gov/DOCUMENTS/FOIA_Aug2019_2020/F-2017-13804/DOC_0C06698709/C06698709.pdf,https://foia.state.gov/DOCUMENTS/FOIA_Aug2019_2020/F-2017-13804/DOC_0C06698709/C06698709.pdf,"Source: Department of State, FOIA Virtual Reading Room, Case F-2017-13804, Doc No. C06698709. RELEASE IN FULL."
79,403,406,1996-10-29,4,Ambassador's Farewell Call on Presidential Foreign Policy Advisor Ryurikov,Cable,clinton-library-mdr,constraints/diplomacy,nato-expansion,https://clinton.presidentiallibraries.us/items/show/101829,https://clinton.presidentiallibraries.us/files/original/1fbacf781cad23434c0c3e3f52367c90.pdf,"Source: Clinton Presidential Records, NSC Cables, Mandatory Declassification Review 2015-0792-M, Clinton Digital Library PDF pages 182-185. Confidential."
80,407,427,1996-11-01,21,Lake Meeting with President Jacques Chirac of France,Memorandum of conversation,clinton-library-mdr,constraints/diplomacy,nato-expansion,https://clinton.presidentiallibraries.us/items/show/57563,https://clinton.presidentiallibraries.us/files/original/369537c192017e6b05f68d908f1a75e8.pdf,"Source: Clinton Presidential Records, NSC Cable, Email, and Records Management System, Mandatory Declassification Review 2015-0755-M, Clinton Digital Library PDF pages 178-198. Secret."
81,428,430,1996-11-06,3,"NATO Enlargement, NATO-Russia and START",NSC information memorandum,clinton-library-mdr,constraints/diplomacy,nato-expansion,https://clinton.presidentiallibraries.us/items/show/101137,https://clinton.presidentiallibraries.us/files/original/daba4e1e86126f7392f28f4619aa711a.pdf,"Source: Clinton Presidential Records, NSC Cable, Email, and Records Management System, Mandatory Declassification Review 2015-0772-M, Clinton Digital Library PDF pages 258-260. Secret."
82,431,437,1996-12-04,7,The Secretary's Breakfast Meeting with NATO Secretary General Solana,Cable,clinton-library-mdr,constraints/diplomacy,nato-expansion,https://clinton.presidentiallibraries.us/items/show/101829,https://clinton.presidentiallibraries.us/files/original/1fbacf781cad23434c0c3e3f52367c90.pdf,"Source: Clinton Presidential Records, NSC Cables, Mandatory Declassification Review 2015-0792-M, Clinton Digital Library PDF pages 197-203. Confidential; Exdis."
83,438,444,1997-02-07,7,"Meeting with Russian Prime Minister Viktor Chernomyrdin: March Summit, GCC Results, European Security, START, Economics",Memorandum of conversation,clinton-library-mdr,constraints/diplomacy,nato-expansion,https://clinton.presidentiallibraries.us/items/show/57563,https://clinton.presidentiallibraries.us/files/original/369537c192017e6b05f68d908f1a75e8.pdf,"Source: Clinton Presidential Records, NSC Cable, Email, and Records Management System, Mandatory Declassification Review 2015-0755-M, Clinton Digital Library PDF pages 222-228. Confidential."
84,445,449,1997-02-07,5,Points to Be Made for Meeting with Russian Prime Minister Chernomyrdin,Presidential talking points,clinton-library-mdr,constraints/diplomacy,nato-expansion,https://clinton.presidentiallibraries.us/items/show/101137,https://clinton.presidentiallibraries.us/files/original/daba4e1e86126f7392f28f4619aa711a.pdf,"Source: Clinton Presidential Records, NSC Cable, Email, and Records Management System, Mandatory Declassification Review 2015-0772-M, Clinton Digital Library PDF pages 286-290. Secret."
85,450,452,1997-02-27,3,"Telephone call with President Boris Yeltsin of Russia, February 27, 1997, White House",Memorandum of telephone conversation,clinton-library-mdr,constraints/diplomacy,nato-expansion,https://www.clintonlibrary.gov/research/archives/finding-aids/declassified-documents-concerning-russian-president-boris-yeltsin-0,https://www.clintonlibrary.gov/sites/default/files/finding_aids_a_z/2026-01/2015-0782-M-2.pdf,"Source: Clinton Presidential Records, Meetings and Telephone Calls with Foreign Leaders, Mandatory Declassification Review 2015-0782-M-2, Clinton Library PDF pages 87-89. Confidential."
86,453,454,1997-03-18,2,Pre-Brief on Helsinki Summit with Russian President Yeltsin,Presidential meeting brief,clinton-library-mdr,constraints/diplomacy,invitation-round,https://clinton.presidentiallibraries.us/items/show/101137,https://clinton.presidentiallibraries.us/files/original/daba4e1e86126f7392f28f4619aa711a.pdf,"Source: Clinton Presidential Records, NSC Cable, Email, and Records Management System, Mandatory Declassification Review 2015-0772-M, Clinton Digital Library PDF pages 379-380. Confidential."
87,455,458,1997-03-21,4,Joint U.S.-Russian Statement on European Security,Joint presidential statement,clinton-library-mdr,constraints/diplomacy,nato-expansion,https://clinton.presidentiallibraries.us/items/show/57563,https://clinton.presidentiallibraries.us/files/original/369537c192017e6b05f68d908f1a75e8.pdf,"Source: Clinton Presidential Records, NSC Cable, Email, and Records Management System, Mandatory Declassification Review 2015-0755-M, Clinton Digital Library PDF pages 239-242."
88,459,462,1997-03-25,4,Russian Reactions to Helsinki,Cable,clinton-library-mdr,constraints/diplomacy,nato-expansion,https://clinton.presidentiallibraries.us/items/show/100538,https://clinton.presidentiallibraries.us/files/original/ad30d667d8a7801aa376b34a405c46c6.pdf,"Source: Clinton Presidential Records, NSC Cables, Mandatory Declassification Review 2015-0771-M, Clinton Digital Library PDF pages 139-142."
89,463,464,1997-04-15,2,Inviting Partners to Madrid,NSC information memorandum,clinton-library-mdr,whether/whom/when,invitation-round,https://clinton.presidentiallibraries.us/items/show/101137,https://clinton.presidentiallibraries.us/files/original/daba4e1e86126f7392f28f4619aa711a.pdf,"Source: Clinton Presidential Records, NSC Cable, Email, and Records Management System, Mandatory Declassification Review 2015-0772-M, Clinton Digital Library PDF pages 389-390. Secret."
90,465,470,1997-05-30,6,Costs of NATO Enlargement,Presidential information memorandum with attached congressional report summary,clinton-library-mdr,how/process,nato-expansion; ratification-accession,https://clinton.presidentiallibraries.us/items/show/101137,https://clinton.presidentiallibraries.us/files/original/daba4e1e86126f7392f28f4619aa711a.pdf,"Source: Clinton Presidential Records, NSC Cable, Email, and Records Management System, Mandatory Declassification Review 2015-0772-M, Clinton Digital Library PDF pages 432-437. Unclassified."
91,471,472,1997-06,2,President Clinton to Prime Minister Drnovsek on NATO Enlargement and the Open Door,Presidential reply draft,clinton-library-mdr,future rounds/open door,nato-expansion; open-door-map,https://clinton.presidentiallibraries.us/items/show/57563,https://clinton.presidentiallibraries.us/files/original/369537c192017e6b05f68d908f1a75e8.pdf,"Source: Clinton Presidential Records, NSC Cable, Email, and Records Management System, Mandatory Declassification Review 2015-0755-M, Clinton Digital Library PDF pages 265-266."
92,473,478,1997-06-09,6,Deciding Which Countries to Support for NATO Membership at the Madrid Summit,Presidential action memorandum,clinton-library-mdr,whether/whom/when,membership-accession; invitation-round; open-door-map,https://clinton.presidentiallibraries.us/items/show/101137,https://clinton.presidentiallibraries.us/files/original/daba4e1e86126f7392f28f4619aa711a.pdf,"Source: Clinton Presidential Records, NSC Cable, Email, and Records Management System, Mandatory Declassification Review 2015-0772-M, Clinton Digital Library PDF pages 445-450. Secret."
93,479,480,1997-06-12,2,Chancellor Kohl and Romania's NATO Candidacy,Cable,clinton-library-mdr,candidate-state cases,membership-accession,https://clinton.presidentiallibraries.us/items/show/100538,https://clinton.presidentiallibraries.us/files/original/ad30d667d8a7801aa376b34a405c46c6.pdf,"Source: Clinton Presidential Records, NSC Cables, Mandatory Declassification Review 2015-0771-M, Clinton Digital Library PDF pages 147-148. Nodis."
94,481,487,1997-06-13,7,NATO Enlargement -- U.S. Decision on New Members,Cable,clinton-library-mdr,whether/whom/when,nato-expansion; invitation-round,https://clinton.presidentiallibraries.us/items/show/100538,https://clinton.presidentiallibraries.us/files/original/ad30d667d8a7801aa376b34a405c46c6.pdf,"Source: Clinton Presidential Records, NSC Cables, Mandatory Declassification Review 2015-0771-M, Clinton Digital Library PDF pages 155-161."
95,488,492,1997-06-23,5,Achieving Allied Consensus on NATO Enlargement: Whether to Set a Date or Name Names for the Second Round,Presidential information memorandum,clinton-library-mdr,whether/whom/when,nato-expansion; invitation-round; open-door-map,https://clinton.presidentiallibraries.us/items/show/101137,https://clinton.presidentiallibraries.us/files/original/daba4e1e86126f7392f28f4619aa711a.pdf,"Source: Clinton Presidential Records, NSC Cable, Email, and Records Management System, Mandatory Declassification Review 2015-0772-M, Clinton Digital Library PDF pages 488-492. Confidential."
96,493,495,1997-06-26,3,Prime Minister Drnovsek to President Clinton on Slovenia and NATO Enlargement,Foreign leader letter,clinton-library-mdr,how/process,nato-expansion; invitation-round,https://clinton.presidentiallibraries.us/items/show/57563,https://clinton.presidentiallibraries.us/files/original/369537c192017e6b05f68d908f1a75e8.pdf,"Source: Clinton Presidential Records, NSC Cable, Email, and Records Management System, Mandatory Declassification Review 2015-0755-M, Clinton Digital Library PDF pages 261-263."
97,496,505,1997-07-24,10,The President's Working Lunch with President Roman Herzog of Germany,Memorandum of conversation,clinton-library-mdr,future rounds/open door,open-door-map,https://clinton.presidentiallibraries.us/items/show/57563,https://clinton.presidentiallibraries.us/files/original/369537c192017e6b05f68d908f1a75e8.pdf,"Source: Clinton Presidential Records, NSC Cable, Email, and Records Management System, Mandatory Declassification Review 2015-0755-M, Clinton Digital Library PDF pages 274-283. Confidential."
98,506,509,1997-12-17,4,Strategy for Completing Ratification of NATO Enlargement,Presidential action memorandum,clinton-library-mdr,how/process,nato-expansion; ratification-accession,https://clinton.presidentiallibraries.us/items/show/57563,https://clinton.presidentiallibraries.us/files/original/369537c192017e6b05f68d908f1a75e8.pdf,"Source: Clinton Presidential Records, NSC Cable, Email, and Records Management System, Mandatory Declassification Review 2015-0755-M, Clinton Digital Library PDF pages 303-306."
99,510,512,1998-01-21,3,NATO's Open Door Policy,Issue paper,clinton-library-mdr,future rounds/open door,nato-expansion; open-door-map,https://clinton.presidentiallibraries.us/items/show/49412,https://clinton.presidentiallibraries.us/files/original/2f760ad25ed4dba1ca8256c93c6cf7f0.pdf,"Source: Clinton Presidential Records, White House Staff and Office Files, Mandatory Declassification Review 2013-0804-M, Clinton Digital Library PDF pages 27-29. Confidential."
100,513,514,1998-01-22,2,Ratification of NATO Enlargement,Issue paper,clinton-library-mdr,how/process,nato-expansion; ratification-accession,https://clinton.presidentiallibraries.us/items/show/49412,https://clinton.presidentiallibraries.us/files/original/2f760ad25ed4dba1ca8256c93c6cf7f0.pdf,"Source: Clinton Presidential Records, White House Staff and Office Files, Mandatory Declassification Review 2013-0804-M, Clinton Digital Library PDF pages 19-20. Confidential."
101,515,519,1998-02-09,5,"Committee to Expand NATO Dinner IHO Polish, Czech and Hungarian Foreign Ministers",NSC information memorandum,clinton-library-mdr,how/process,nato-expansion,https://clinton.presidentiallibraries.us/items/show/101137,https://clinton.presidentiallibraries.us/files/original/daba4e1e86126f7392f28f4619aa711a.pdf,"Source: Clinton Presidential Records, NSC Cable, Email, and Records Management System, Mandatory Declassification Review 2015-0772-M, Clinton Digital Library PDF pages 527-531. Confidential."
102,520,523,1998-07-09,4,DEPUTY SECRETARY DISCUSSES NATO ENLARGEMENT AND KOSOVO WITH DANISH DEFMIN,TE,state-foia,core expansion policy,nato-expansion,https://foia.state.gov/DOCUMENTS/FOIA_L_Jul2021_C/F-2017-13804/DOC_0C06771955/C06771955.pdf,https://foia.state.gov/DOCUMENTS/FOIA_L_Jul2021_C/F-2017-13804/DOC_0C06771955/C06771955.pdf,"Source: Department of State, FOIA Virtual Reading Room, Case F-2017-13804, Doc No. C06771955. UNSPECIFIED IN SOURCE."
103,524,526,1998-09-14,3,Meeting with President Vaclav Havel of the Czech Republic,Secretary of State memorandum to the President,clinton-library-mdr,future rounds/open door,nato-expansion; open-door-map; candidate-membership,https://www.clintonlibrary.gov/sites/default/files/finding_aids_a_z/2026-02/2024-0540-M.pdf,https://www.clintonlibrary.gov/sites/default/files/finding_aids_a_z/2026-02/2024-0540-M.pdf,"Source: Clinton Presidential Records, Mandatory Declassification Review 2024-0540-M, Clinton Library PDF pages 3-5. Confidential."
104,527,530,1998-09-15,4,Summary Points to Be Made for Meeting with Czech President Havel,Presidential talking points,clinton-library-mdr,future rounds/open door,open-door-map; candidate-membership,https://www.clintonlibrary.gov/sites/default/files/finding_aids_a_z/2026-02/2015-0773-M.pdf,https://www.clintonlibrary.gov/sites/default/files/finding_aids_a_z/2026-02/2015-0773-M.pdf,"Source: Clinton Presidential Records, NSC Records Management, [Havel and Telcons], Mandatory Declassification Review 2015-0773-M, Clinton Library PDF pages 138-140 and 142. Secret; President has seen; page 141 is a duplicate/incomplete packet copy and is omitted."
